YEAR,CURRENT_ROUND,TEAM_A,TEAM_B,CONF_A,CONF_B,GAMES_A,W_A,L_A,WIN%_A,GAMES_B,W_B,L_B,WIN%_B,K TEMPO_diff,K TEMPO RANK_diff,KADJ T_diff,KADJ T RANK_diff,K OFF_diff,KO RANK_diff,KADJ O_diff,KADJ O RANK_diff,K DEF_diff,KD RANK_diff,KADJ D_diff,KADJ D RANK_diff,KADJ EM_diff,KADJ EM RANK_diff,BADJ EM_diff,BADJ O_diff,BADJ D_diff,BARTHAG_diff,EFG%_diff,EFG%D_diff,FTR_diff,FTRD_diff,TOV%_diff,TOV%D_diff,OREB%_diff,DREB%_diff,OP OREB%_diff,OP DREB%_diff,RAW T_diff,2PT%_diff,2PT%D_diff,3PT%_diff,3PT%D_diff,BLK%_diff,BLKED%_diff,AST%_diff,OP AST%_diff,2PTR_diff,3PTR_diff,2PTRD_diff,3PTRD_diff,BADJ T_diff,AVG HGT_diff,EFF HGT_diff,EXP_diff,TALENT_diff,FT%_diff,OP FT%_diff,PPPO_diff,PPPD_diff,ELITE SOS_diff,WAB_diff,BADJ EM RANK_diff,BADJ O RANK_diff,BADJ D RANK_diff,BARTHAG RANK_diff,EFG% RANK_diff,EFGD% RANK_diff,FTR RANK_diff,FTRD RANK_diff,TOV% RANK_diff,TOV%D RANK_diff,OREB% RANK_diff,DREB% RANK_diff,OP OREB% RANK_diff,OP DREB% RANK_diff,RAW T RANK_diff,2PT% RANK_diff,2PT%D RANK_diff,3PT% RANK_diff,3PT%D RANK_diff,BLK% RANK_diff,BLKED% RANK_diff,AST% RANK_diff,OP AST% RANK_diff,2PTR RANK_diff,3PTR RANK_diff,2PTRD RANK_diff,3PTRD RANK_diff,BADJT RANK_diff,AVG HGT RANK_diff,EFF HGT RANK_diff,EXP RANK_diff,TALENT RANK_diff,FT% RANK_diff,OP FT% RANK_diff,PPPO RANK_diff,PPPD RANK_diff,ELITE SOS RANK_diff,CONF REG BADJ EM_diff,CONF REG BADJ O_diff,CONF REG BADJ D_diff,CONF REG BARTHAG_diff,CONF REG G_diff,CONF REG W_diff,CONF REG L_diff,CONF REG WIN%_diff,CONF REG EFG%_diff,CONF REG EFGD%_diff,CONF REG FTR_diff,CONF REG FTRD_diff,CONF REG TOV%_diff,CONF REG TOV%D_diff,CONF REG OREB%_diff,CONF REG DREB%_diff,CONF REG OP OREB%_diff,CONF REG OP DREB%_diff,CONF REG RAW T_diff,CONF REG 2PT%_diff,CONF REG 2PT%D_diff,CONF REG 3PT%_diff,CONF REG 3PT%D_diff,CONF REG BLK%_diff,CONF REG BLKED%_diff,CONF REG AST%_diff,CONF REG OP AST %_diff,CONF REG 2PTR_diff,CONF REG 3PTR_diff,CONF REG 2PTRD_diff,CONF REG 3PTRD_diff,CONF REG BADJ T_diff,CONF REG AVG HGT_diff,CONF REG EFF HGT_diff,CONF REG EXP_diff,CONF REG TALENT_diff,CONF REG FT%_diff,CONF REG OP FT%_diff,CONF REG PPPO_diff,CONF REG PPPD_diff,CONF REG ELITE SOS_diff,CONF REG WAB_diff
2024,64,Connecticut,Stetson,BE,ASun,34,31,3,91.17647059,31,19,12,61.29032258,-0.39749999999999375,22,-1.7102999999999895,72,11.298000000000002,-52,16.346000000000004,-99,-15.111100000000008,-309,-19.971099999999993,-331,36.3171,-217,39.218,18.808000000000007,-20.409999999999997,0.615,3.700000000000003,-6.899999999999999,1.5999999999999979,6.600000000000001,-0.9000000000000004,2.6999999999999993,9.0,4.400000000000006,-4.399999999999999,-9.0,-0.5,6.0,-8.5,0.20000000000000284,-2.6000000000000014,6.3999999999999995,0.20000000000000107,15.0,-3.5,0.8999999999999986,-0.8999999999999986,4.199999999999996,-4.199999999999996,-1.3640000000000043,0.695999999999998,0.19299999999999784,-0.34899999999999975,38.477000000000004,-2.0999999999999943,-1.0999999999999943,0.11799999999999988,-0.14800000000000002,20.981,18.1,-231,-117,-335,-229,-49,-262,-56,148,-42,-104,-218,-205,-205,-218,23,-89,-260,-11,-165,-245,14,-214,-89,-20,21,144,-143,61,-66,-13,115,-97,55,-69,-56,-310,-202,22.700000000000003,9.799999999999997,-12.900000000000006,0.532,5,50,-45,13.290297339999995,0.7999999999999972,-3.0,-0.8999999999999986,-5.199999999999999,0.4999999999999982,1.0999999999999996,2.0,1.5,-1.5,-2.0,-0.9000000000000057,1.8999999999999986,-3.1000000000000014,-0.6000000000000014,-2.0,1.8000000000000007,0.6999999999999993,9.0,5.399999999999999,-0.20000000000000284,0.20000000000000284,0.29999999999999716,-0.29999999999999716,-0.4000000000000057,0.9449999999999932,1.1039999999999992,0.07600000000000007,42.419,1.7000000000000028,1.2000000000000028,0.02100000000000013,-0.07200000000000006,22.258000000000003,11.54
2024,64,Florida Atlantic,Northwestern,Amer,B10,33,25,8,75.75757576,32,21,11,65.625,4.431600000000003,-205,4.331699999999998,-204,5.209000000000003,-36,2.304000000000002,-14,-0.7600000000000051,-29,1.972999999999999,37,0.3302000000000014,-5,-3.7140000000000004,0.06999999999999318,3.783999999999992,-0.05600000000000005,1.7999999999999972,-1.8999999999999986,4.899999999999999,-11.899999999999999,2.5,-2.3000000000000007,8.099999999999998,-1.0,1.0,-8.099999999999994,4.400000000000006,6.299999999999997,-1.0,-3.799999999999997,-2.299999999999997,-2.1000000000000005,-3.6000000000000005,-8.600000000000001,-20.800000000000004,-2.0,2.0,0.6000000000000014,-0.6000000000000014,4.228999999999999,-1.0349999999999966,-0.762999999999991,0.45799999999999974,-13.964000000000002,-2.799999999999997,0.7000000000000028,0.050999999999999934,-0.010000000000000009,-10.433,-0.30000000000000004,22,-2,70,23,-38,-115,-138,-264,88,143,-247,51,51,-247,-202,-194,-45,82,-156,120,-250,139,-338,56,-60,36,-39,-199,173,113,-85,41,109,50,-32,-34,56,-11.7,-6.099999999999994,5.599999999999994,-0.237,-18,-33,15,-5.075742670000004,-1.0,0.5,-0.19999999999999574,0.8999999999999986,0.4999999999999982,0.1999999999999993,0.3999999999999986,-1.7000000000000028,1.6999999999999993,-0.4000000000000057,0.20000000000000284,-0.7999999999999972,1.1000000000000014,-1.0,-0.29999999999999716,0.3999999999999986,1.0,-3.5999999999999943,-0.3999999999999986,-2.6000000000000085,2.6000000000000014,-3.299999999999997,3.299999999999997,0.20000000000000284,-0.6189999999999998,-0.8140000000000072,0.2550000000000001,-26.878,-0.5999999999999943,-1.0,-0.019000000000000128,0.018000000000000016,-15.349,-7.01
2024,64,San Diego St.,UAB,MWC,Amer,32,22,10,68.75,33,22,11,66.66666667,-1.6828000000000003,109,-1.815100000000001,113,-2.3699999999999903,48,-0.132000000000005,3,-10.577200000000005,-239,-13.5488,-193,13.41751,-85,11.223000000000003,-1.1929999999999978,-12.415999999999997,0.21599999999999997,-0.30000000000000426,-3.799999999999997,-3.0,1.8999999999999986,-0.6999999999999993,1.8999999999999986,-2.5999999999999943,3.0,-3.0,2.5999999999999943,-1.7000000000000028,1.2000000000000028,-1.9000000000000057,-1.8000000000000007,-4.5,-0.40000000000000036,-1.0999999999999996,1.1999999999999957,-0.29999999999999716,-6.5,6.4999999999999964,-3.799999999999997,3.799999999999997,-1.632000000000005,0.4899999999999949,0.07200000000000273,0.29000000000000004,21.68,-1.3999999999999915,-2.1000000000000085,-0.02499999999999991,-0.10200000000000009,12.628,5.300000000000001,-77,9,-183,-80,16,-176,45,62,-58,-132,48,-149,-149,48,108,-46,-88,85,-239,11,-92,-35,-8,144,-144,-131,122,105,-79,-9,-88,-59,49,-122,52,-241,-78,4.7,2.299999999999997,-2.4000000000000057,0.11199999999999999,-98,-40,-58,3.6475323599999996,1.5,0.7000000000000028,-0.10000000000000142,0.10000000000000142,-0.09999999999999787,0.10000000000000142,-2.5,2.200000000000003,-2.1999999999999993,2.5,-1.5,2.200000000000003,1.6000000000000014,0.20000000000000284,-0.6000000000000014,-0.29999999999999893,-0.5999999999999996,2.5999999999999943,0.3999999999999986,0.9000000000000057,-0.9000000000000057,0.8999999999999986,-0.8999999999999986,-0.9000000000000057,0.13400000000000034,-0.006000000000000227,-0.09600000000000009,-4.232999999999997,0.20000000000000284,0.6000000000000085,0.0050000000000001155,-0.006000000000000005,7.221,3.7
2024,64,Auburn,Yale,SEC,Ivy,34,27,7,79.41176471,29,20,9,68.96551724,5.344999999999999,-267,5.266100000000009,-269,6.939000000000007,-61,9.75399999999999,-79,-6.372600000000006,-93,-9.6755,-86,19.429850000000002,-80,18.873,10.867999999999995,-8.00500000000001,0.21299999999999997,1.8000000000000043,-6.300000000000004,11.300000000000004,12.0,0.8000000000000007,2.1999999999999993,4.5,-6.299999999999997,6.300000000000001,-4.5,5.400000000000006,2.3999999999999986,-6.0,0.6000000000000014,-4.199999999999999,6.0,0.0,8.700000000000003,-14.5,-2.200000000000003,2.200000000000003,8.100000000000001,-8.100000000000001,5.218999999999994,-0.5090000000000003,0.465999999999994,0.2849999999999999,33.956999999999994,4.5,-0.20000000000000284,0.07199999999999984,-0.061999999999999944,11.838000000000001,8.0,-80,-85,-73,-80,-45,-133,-282,244,33,-152,-133,224,224,-133,-270,-66,-105,-32,-189,-135,0,-96,-303,52,-54,257,-258,-266,52,-49,-84,-122,-191,-8,-67,-92,-77,14.5,7.799999999999997,-6.700000000000003,0.32499999999999996,246,163,83,7.945956930000001,-0.7000000000000028,-2.6999999999999957,6.699999999999999,6.600000000000001,-0.7999999999999989,0.6999999999999993,4.900000000000002,-3.0,3.0,-4.8999999999999915,2.799999999999997,-0.5999999999999943,-3.200000000000003,-0.6000000000000014,-1.3999999999999986,3.3000000000000007,0.29999999999999893,-3.299999999999997,-3.8000000000000043,3.6999999999999957,-3.6999999999999957,3.3000000000000043,-3.3000000000000043,1.7000000000000028,0.49800000000000466,1.445999999999998,0.3490000000000002,41.773,2.4000000000000057,2.6999999999999886,0.04400000000000004,-0.017000000000000126,15.535000000000002,6.9
2024,64,BYU,Duquesne,B12,A10,33,23,10,69.6969697,34,23,11,67.64705882,3.193000000000012,-181,2.734499999999997,-166,12.097999999999999,-174,13.564999999999998,-155,0.13800000000000523,3,1.9268,20,11.63806,-70,11.476999999999999,14.319000000000003,2.8419999999999987,0.14600000000000002,5.0,0.0,-7.800000000000001,-3.1999999999999957,-2.3000000000000007,-3.5,2.8999999999999986,5.299999999999997,-5.300000000000001,-2.8999999999999915,3.200000000000003,8.399999999999999,-0.19999999999999574,0.8999999999999986,0.10000000000000142,-4.999999999999999,-4.300000000000001,9.400000000000006,-5.099999999999994,-11.0,11.0,3.200000000000003,-3.1999999999999957,2.695999999999998,1.9979999999999905,1.100999999999999,0.2330000000000001,19.283,2.3999999999999915,-0.9000000000000057,0.121,0.0020000000000000018,11.228000000000002,4.7,-63,-144,33,-57,-188,0,181,-87,-148,206,-73,-200,-200,-73,-179,-206,-11,-44,4,231,-291,-89,-136,113,-116,121,-119,-163,-268,-124,-69,-229,-117,-50,-177,5,-62,12.1,5.800000000000011,-6.299999999999997,0.22699999999999998,-24,12,-36,5.595563579999997,0.5,-0.7999999999999972,0.29999999999999716,-0.19999999999999574,0.6000000000000014,1.6999999999999993,3.599999999999998,0.09999999999999432,-0.10000000000000142,-3.6000000000000085,0.7000000000000028,1.0999999999999943,-0.20000000000000284,-0.29999999999999716,-1.1000000000000014,-0.29999999999999893,-1.0999999999999996,2.8000000000000043,0.6000000000000014,2.1999999999999957,-2.1999999999999957,1.3999999999999986,-1.3999999999999986,0.4000000000000057,0.4549999999999983,0.652000000000001,0.2120000000000002,30.221,0.20000000000000284,-0.09999999999999432,0.02300000000000013,-0.03699999999999992,15.048000000000002,7.0
2024,64,Illinois,Morehead St.,B10,OVC,34,26,8,76.47058824,30,22,8,73.33333333,4.821899999999999,-252,5.6533000000000015,-279,8.275000000000006,-66,16.561999999999998,-121,4.488500000000002,107,-1.956000000000003,-27,18.51826,-101,20.945,18.653999999999996,-2.290999999999997,0.3330000000000001,-0.6000000000000014,2.299999999999997,6.4999999999999964,-5.600000000000001,-3.4000000000000004,-3.1999999999999993,4.200000000000003,0.30000000000001137,-0.29999999999999716,-4.200000000000003,4.799999999999997,-0.8999999999999986,1.2000000000000028,-0.3999999999999986,3.1999999999999957,-3.0,0.40000000000000036,-8.0,1.5,6.800000000000004,-6.800000000000004,3.299999999999997,-3.3000000000000007,5.575000000000003,0.6910000000000025,0.20100000000000762,0.07200000000000006,40.756,3.0,-4.099999999999994,0.08599999999999985,0.039999999999999925,20.860999999999997,9.4,-125,-146,-45,-121,12,52,-170,-146,-221,74,-67,-9,-9,-67,-250,14,22,20,188,156,29,189,11,-126,128,16,-18,-277,-34,-18,-23,-110,-130,-179,-73,92,-226,26.6,15.700000000000003,-10.899999999999991,0.615,141,132,9,15.435464080000003,3.5,-0.5,1.6999999999999957,-4.0,-1.799999999999999,0.10000000000000142,2.1999999999999993,-0.20000000000000284,0.1999999999999993,-2.200000000000003,-0.20000000000000284,3.6999999999999957,-1.3000000000000043,2.1999999999999957,0.3999999999999986,0.40000000000000036,-0.5999999999999996,7.0,2.200000000000003,-0.8999999999999915,0.8999999999999986,0.5999999999999943,-0.5999999999999943,-0.20000000000000284,1.0970000000000084,1.4650000000000034,-0.135,47.797,0.09999999999999432,-0.6000000000000085,0.09000000000000008,-0.014000000000000012,22.601,12.51
2024,64,Washington St.,Drake,P12,MVC,33,24,9,72.72727273,33,27,6,81.81818182,-1.9932000000000016,115,-3.017799999999994,166,-3.586999999999989,46,-2.1880000000000024,26,-0.832800000000006,-22,-3.688999999999993,-48,1.5016000000000016,-9,1.477000000000002,-2.0479999999999876,-3.5249999999999915,0.028000000000000025,-2.799999999999997,-3.700000000000003,-0.9000000000000021,1.7000000000000028,2.200000000000001,-1.4999999999999982,8.7,-2.8000000000000114,2.799999999999997,-8.700000000000003,-2.0,-2.5,-5.0,-2.5,-1.0,7.699999999999999,-0.6000000000000005,-10.199999999999996,2.6999999999999957,7.600000000000001,-7.600000000000001,7.799999999999997,-7.799999999999997,-2.879000000000005,2.936000000000007,1.6159999999999997,-0.062000000000000055,14.741999999999999,-6.200000000000003,3.299999999999997,-0.03399999999999981,-0.006999999999999895,8.666,0.19999999999999996,-8,20,-53,-11,71,-172,30,53,97,120,-251,28,28,-251,117,68,-202,137,-56,-312,-19,221,23,-182,184,222,-224,160,-304,-160,13,-55,232,196,44,-15,-58,8.0,4.400000000000006,-3.5999999999999943,0.17900000000000005,8,11,-3,1.7235047100000003,-0.20000000000000284,-0.6999999999999957,1.7000000000000028,0.9000000000000021,0.3000000000000007,0.09999999999999787,3.5,-1.7000000000000028,1.6999999999999993,-3.5,1.3000000000000114,-0.6000000000000014,-1.2999999999999972,0.19999999999999574,0.20000000000000284,1.0,-0.29999999999999893,0.6000000000000014,1.3999999999999986,3.6999999999999957,-3.700000000000003,1.1000000000000014,-1.1000000000000014,0.7999999999999972,1.3610000000000042,1.5060000000000002,-0.018000000000000016,46.183,-1.8999999999999915,-1.7999999999999972,0.01200000000000001,-0.004999999999999893,10.524999999999999,4.5
2024,64,Iowa St.,South Dakota St.,B12,Sum,34,27,7,79.41176471,31,19,12,61.29032258,0.036000000000001364,-1,-0.5217999999999989,31,0.3049999999999926,-5,5.201999999999998,-79,-14.161900000000003,-150,-18.528200000000012,-162,23.73035,-129,24.003,6.091999999999999,-17.911,0.375,-3.3999999999999986,-3.6999999999999957,5.700000000000003,7.800000000000004,-0.6999999999999993,9.2,7.200000000000003,-4.1000000000000085,4.099999999999998,-7.199999999999989,0.0,-4.199999999999996,-2.1000000000000014,-1.3000000000000043,-3.700000000000003,1.1000000000000014,0.0,11.600000000000001,11.399999999999999,8.200000000000003,-8.200000000000003,2.1000000000000014,-2.1000000000000014,-0.3269999999999982,0.5060000000000002,-0.23499999999999943,0.0050000000000001155,36.587,-1.8999999999999915,-3.0999999999999943,0.009000000000000119,-0.1439999999999999,23.039,14.3,-132,-86,-152,-134,94,-168,-159,199,-53,-211,-209,165,165,-209,0,105,-69,76,-220,-61,0,-235,242,-198,199,8,-7,24,-83,29,-5,-143,75,-176,-23,-158,-276,23.1,9.400000000000006,-13.700000000000003,0.516,193,166,27,17.447450430000004,-0.10000000000000142,-4.0,2.5,0.8000000000000007,1.5,3.3000000000000007,5.699999999999999,-1.5,1.5,-5.700000000000003,0.7000000000000028,0.3999999999999986,-3.9000000000000057,-0.5,-2.799999999999997,3.0,0.5999999999999996,10.700000000000003,6.0,2.1999999999999957,-2.1999999999999957,1.2000000000000028,-1.2000000000000028,0.30000000000001137,0.19499999999999318,0.7000000000000028,0.18000000000000016,39.481,-0.5,-1.7999999999999972,0.018000000000000016,-0.09499999999999997,22.328000000000003,12.799999999999999
2024,64,North Carolina,Wagner,ACC,NEC,34,27,7,79.41176471,29,14,15,48.27586207,8.8917,-320,9.194699999999997,-320,16.007599999999996,-284,22.012500000000003,-310,-1.5588999999999942,-9,-12.727000000000004,-165,34.7398,-284,33.604,21.78200000000001,-11.822000000000003,0.6910000000000001,6.699999999999996,-2.0,9.999999999999996,-1.5999999999999979,-1.5,-2.0999999999999996,3.299999999999997,3.5,-3.5,-3.299999999999997,8.800000000000004,7.5,-4.899999999999999,3.799999999999997,1.5,3.0999999999999996,-0.09999999999999964,-3.3999999999999986,-18.6,2.299999999999997,-2.3000000000000043,5.100000000000001,-5.100000000000001,9.087000000000003,0.9399999999999977,2.1950000000000074,0.5779999999999998,88.207,4.700000000000003,6.700000000000003,0.16299999999999992,-0.014000000000000012,22.625,18.299999999999997,-275,-307,-166,-286,-209,-53,-254,-36,-68,135,-84,-84,-84,-84,-315,-182,-182,-194,35,-168,-9,73,-340,-62,62,179,-176,-315,-153,-264,-175,-360,-195,307,-288,-13,-307,26.2,15.700000000000003,-10.5,0.617,227,176,51,17.31707317,3.299999999999997,-0.8000000000000043,1.0999999999999979,-2.099999999999998,-2.400000000000002,-1.6000000000000014,2.1999999999999993,3.0,-3.0,-2.200000000000003,-0.19999999999998863,3.200000000000003,-0.9000000000000057,2.3000000000000043,-0.3999999999999986,0.7999999999999989,-1.0999999999999996,-3.0,-6.899999999999999,1.3999999999999986,-1.3999999999999986,1.1000000000000014,-1.1000000000000014,-0.09999999999999432,1.5889999999999986,1.777000000000001,-0.16700000000000004,60.516999999999996,4.0,3.5,0.10199999999999998,-0.0040000000000000036,19.220999999999997,12.1
2024,64,Mississippi St.,Michigan St.,SEC,B10,34,21,13,61.76470588,33,19,14,57.57575758,2.502299999999991,-139,1.861399999999989,-103,-1.4209999999999923,25,-0.08200000000000784,3,0.6813999999999965,19,1.9688000000000017,12,-2.0513999999999974,12,-1.7579999999999991,-0.10599999999999454,1.652000000000001,-0.02100000000000002,0.20000000000000284,-0.29999999999999716,8.0,-0.20000000000000284,4.0,-0.5,5.5,1.1000000000000085,-1.0999999999999979,-5.5,2.5,2.8999999999999986,3.1000000000000014,-3.3999999999999986,-3.3999999999999986,-2.9000000000000004,2.8999999999999995,-7.200000000000003,-6.600000000000001,-8.0,8.000000000000004,0.19999999999999574,-0.19999999999999574,1.8870000000000005,-0.3780000000000001,-0.09600000000000364,0.17100000000000026,-24.129999999999995,-3.3999999999999915,3.6999999999999886,-0.016000000000000014,0.010000000000000009,-2.0419999999999945,0.5900000000000001,5,1,10,7,-15,-13,-207,-10,248,30,-119,-55,-55,-119,-141,-105,125,182,-111,134,225,99,-166,172,-170,7,-3,-106,71,7,-52,53,73,188,23,20,18,-1.3000000000000007,0.0,1.2999999999999972,-0.02100000000000002,0,3,-3,0.6521739199999956,-0.30000000000000426,-0.19999999999999574,1.6000000000000014,3.200000000000003,0.0,0.0,1.8000000000000007,-1.5,1.5,-1.7999999999999972,1.9000000000000057,0.4000000000000057,0.6000000000000014,-1.0,-1.0,2.0999999999999996,1.299999999999999,-2.6999999999999957,-1.7000000000000028,-3.000000000000007,3.0,-2.6999999999999957,2.6999999999999957,1.2000000000000028,-0.2780000000000058,-0.0010000000000047748,0.0970000000000002,-7.760999999999996,0.8000000000000114,0.5,0.010999999999999899,0.0129999999999999,-1.9909999999999997,-0.51
2024,64,Saint Mary's,Grand Canyon,WCC,WAC,32,25,7,78.125,32,28,4,87.5,-5.982900000000001,233,-6.163000000000004,224,2.1750000000000114,-19,1.4230000000000018,-18,-2.150900000000007,-3,-4.550600000000003,-35,5.9742000000000015,-33,10.901,4.727999999999994,-6.173000000000002,0.14700000000000002,1.1000000000000014,-0.7999999999999972,-16.999999999999996,-2.5999999999999943,-1.8000000000000007,-3.1999999999999993,4.399999999999999,7.199999999999989,-7.200000000000003,-4.400000000000006,-6.0,0.7000000000000028,-0.7999999999999972,1.1000000000000014,-0.20000000000000284,-3.4000000000000004,0.3000000000000007,13.099999999999994,-0.29999999999999716,-0.6000000000000014,0.6000000000000014,4.599999999999994,-4.600000000000001,-5.974000000000004,0.39800000000001035,0.8370000000000033,-0.6889999999999998,23.720000000000002,-7.8999999999999915,0.29999999999999716,0.020000000000000018,-0.02299999999999991,8.264999999999999,0.09999999999999987,-54,-49,-63,-58,-39,-6,299,-72,-126,159,-27,-210,-210,-27,229,-22,-5,-57,-15,108,15,-260,-8,13,-14,48,-48,219,-25,-77,187,-82,266,17,-19,-3,-160,4.0,4.3999999999999915,0.4000000000000057,0.10900000000000004,-56,-22,-34,1.904761899999997,2.799999999999997,1.3999999999999986,-7.5000000000000036,-5.600000000000001,-2.1999999999999993,-2.8999999999999986,-0.6000000000000014,2.6000000000000085,-2.599999999999998,0.5999999999999943,-1.5,2.700000000000003,1.1000000000000014,2.0,1.1999999999999957,-0.9000000000000004,-1.7000000000000002,2.3999999999999986,1.0,-3.500000000000007,3.5,-3.3999999999999986,3.3999999999999986,-0.8999999999999915,0.7869999999999919,0.9939999999999998,-0.17000000000000015,21.021,-0.7000000000000028,-0.19999999999998863,0.051000000000000156,0.03200000000000003,5.775999999999998,2.4000000000000004
2024,64,Alabama,College of Charleston,SEC,CAA,32,21,11,65.625,33,26,7,78.78787879,4.433899999999994,-93,2.8704000000000036,-50,7.290999999999997,-21,11.864999999999995,-56,3.834000000000003,94,-3.010000000000005,-64,14.875530000000001,-85,14.998000000000001,11.824000000000012,-3.1739999999999924,0.21100000000000008,3.8999999999999986,-0.7000000000000028,8.300000000000004,11.3,1.6999999999999993,-0.7999999999999989,1.3999999999999986,-3.3000000000000114,3.299999999999997,-1.4000000000000057,4.5,5.0,0.6000000000000014,1.7000000000000028,-1.8999999999999986,2.0,2.5,-2.1000000000000014,2.3000000000000043,0.30000000000000426,-0.30000000000000426,0.19999999999999574,-0.19999999999999574,2.555000000000007,0.7079999999999984,1.2999999999999972,0.3059999999999998,22.311999999999998,6.200000000000003,3.700000000000003,0.06900000000000017,0.04100000000000015,25.119,5.0,-86,-49,-59,-85,-73,-43,-218,245,76,55,-18,143,143,-18,-97,-83,34,-96,-104,-104,99,47,21,-2,3,17,-12,-40,-84,-51,-100,-121,-167,212,-22,103,-264,18.1,10.0,-8.099999999999994,0.42199999999999993,20,62,-42,11.39328064,1.1999999999999957,-1.8999999999999986,6.0,5.300000000000004,-0.29999999999999893,0.8000000000000007,2.8000000000000007,-0.7000000000000028,0.6999999999999993,-2.799999999999997,3.299999999999997,1.8000000000000043,-1.8999999999999986,0.29999999999999716,-1.3000000000000043,3.3000000000000007,1.0,2.1000000000000014,0.10000000000000142,0.6000000000000014,-0.6000000000000014,1.1000000000000014,-1.1000000000000014,1.9000000000000057,0.26300000000000523,1.286999999999992,0.18000000000000016,38.839,1.5,0.8999999999999915,0.050999999999999934,-0.025000000000000133,18.234,10.3
2024,64,Clemson,New Mexico,ACC,MWC,32,21,11,65.625,34,25,9,73.52941176,-4.844200000000001,211,-6.574700000000007,252,1.0120000000000005,-12,2.0150000000000006,-14,6.61160000000001,149,4.015200000000007,44,-1.9997000000000007,11,-1.9569999999999972,1.8880000000000052,3.844999999999999,-0.028000000000000025,2.8999999999999986,0.7000000000000028,-2.5,-2.3000000000000007,1.0,-5.9,-5.699999999999999,1.7999999999999972,-1.8000000000000007,5.700000000000003,-4.800000000000011,3.0,-2.1000000000000014,2.0,3.3999999999999986,-2.3000000000000007,-2.8,4.100000000000001,-10.100000000000001,-10.400000000000006,10.400000000000002,-4.0,4.0,-6.578000000000003,1.2530000000000001,0.5960000000000036,0.367,8.558000000000007,7.200000000000003,0.4000000000000057,0.01100000000000012,0.06800000000000006,4.824000000000002,-0.7999999999999999,8,-12,46,9,-111,20,78,-71,38,294,170,-61,-61,170,215,-97,-76,-108,174,49,-195,-99,-235,229,-229,-139,134,250,-166,-45,-113,-22,-190,12,-13,149,-25,3.0999999999999996,1.2000000000000028,-1.8999999999999915,0.06300000000000006,148,85,63,0.049631310000002316,-0.6000000000000014,-0.6000000000000014,-3.1000000000000014,-2.6999999999999993,-0.6000000000000014,-0.40000000000000213,0.3000000000000007,0.8999999999999915,-0.9000000000000021,-0.29999999999999716,1.4000000000000057,-1.6000000000000014,-1.2000000000000028,0.7000000000000028,0.3999999999999986,0.1999999999999993,-0.3000000000000007,-2.5999999999999943,-2.1000000000000014,-0.20000000000000284,0.20000000000000284,-0.29999999999999716,0.29999999999999716,0.8000000000000114,0.46999999999999886,0.737000000000009,-0.488,36.102,1.5999999999999943,0.8999999999999915,0.0009999999999998899,-0.01100000000000012,3.4659999999999975,1.2999999999999998
2024,64,Baylor,Colgate,B12,Pat,32,22,10,68.75,33,24,9,72.72727273,0.7275999999999954,-32,-0.6192999999999955,28,10.906000000000006,-136,17.83999999999999,-205,7.309799999999996,141,-2.3149999999999977,-40,20.15491,-131,21.864,19.92,-1.9439999999999884,0.397,2.200000000000003,4.099999999999994,12.899999999999999,6.399999999999999,1.3999999999999986,1.0,10.100000000000001,-2.5999999999999943,2.6000000000000014,-10.099999999999994,0.7000000000000028,0.10000000000000142,3.1999999999999957,3.6999999999999957,3.6000000000000014,-1.3000000000000007,2.500000000000001,-2.700000000000003,0.0,0.0,0.0,4.100000000000001,-4.100000000000001,-0.4590000000000032,0.33100000000000307,0.47400000000000375,-0.2849999999999999,58.236,6.0,6.0,0.10899999999999999,0.07400000000000007,26.712000000000003,9.2,-144,-220,-33,-142,-39,200,-297,119,90,-83,-273,77,77,-273,-31,-4,147,-76,142,65,193,37,0,0,0,152,-154,18,-29,-26,90,-328,-218,249,-141,139,-267,30.0,16.60000000000001,-13.399999999999991,0.6719999999999999,144,159,-15,22.208317890000004,2.8999999999999986,-2.299999999999997,5.099999999999998,0.8000000000000007,-0.3000000000000007,1.8000000000000007,5.599999999999998,-1.7000000000000028,1.6999999999999993,-5.6000000000000085,3.0,3.299999999999997,-1.9000000000000057,1.6000000000000014,-1.7999999999999972,1.5999999999999996,-0.5999999999999996,2.3000000000000043,-0.7999999999999972,2.3999999999999986,-2.3999999999999986,2.3000000000000043,-2.3000000000000043,2.0,1.0379999999999967,0.9419999999999931,0.44900000000000007,47.474,3.200000000000003,1.2000000000000028,0.09400000000000008,-0.04200000000000004,24.910000000000004,16.2
2024,64,Dayton,Nevada,A10,MWC,31,24,7,77.41935484,32,25,7,78.125,-2.4894000000000034,83,-2.4673000000000087,104,2.146000000000001,-17,3.051000000000002,-22,2.1539999999999964,45,2.5682000000000045,51,0.4834999999999994,-4,-0.23499999999999943,2.3769999999999953,2.612000000000009,-0.008000000000000007,3.3000000000000043,-0.30000000000000426,-9.0,-12.499999999999996,0.8000000000000007,-1.6000000000000014,-0.6000000000000014,-1.7999999999999972,1.8000000000000007,0.5999999999999943,-2.4000000000000057,1.1000000000000014,-0.8999999999999986,3.700000000000003,0.3999999999999986,0.10000000000000142,3.3,0.19999999999999574,-4.199999999999996,-10.900000000000006,10.899999999999999,0.6000000000000014,-0.6000000000000014,-2.776999999999994,-0.9879999999999995,0.4969999999999999,-0.23099999999999987,4.879000000000001,1.1000000000000085,3.5999999999999943,0.025000000000000133,0.02100000000000013,0.1999999999999993,-0.10000000000000009,3,-14,53,3,-51,-15,69,-224,37,123,24,79,79,24,81,-42,-38,-38,15,-6,230,-2,-106,245,-245,12,-15,114,147,-61,71,-16,-55,210,-20,45,-1,-3.3000000000000007,-2.4000000000000057,0.9000000000000057,-0.07599999999999996,137,75,62,-0.7185853099999946,-0.8000000000000043,-1.2000000000000028,-0.8999999999999986,-0.20000000000000284,0.3999999999999986,-0.3000000000000007,0.10000000000000142,0.0,0.0,-0.09999999999999432,0.5999999999999943,-2.0,-2.5,0.8999999999999986,0.7000000000000028,0.7999999999999989,0.8999999999999986,-0.3999999999999986,0.0,-2.5,2.5,-1.1999999999999957,1.1999999999999957,0.4000000000000057,-0.29400000000001114,-0.07699999999999818,-0.2570000000000001,-7.836000000000002,0.0,-0.4000000000000057,-0.015000000000000124,-0.013000000000000123,-6.177,-2.5
2024,64,Arizona,Long Beach St.,P12,BW,33,25,8,75.75757576,33,19,14,57.57575758,1.5553000000000026,-25,0.6744000000000057,-13,11.441000000000003,-145,13.268,-137,-8.288399999999996,-169,-13.360699999999994,-198,26.62826917,-157,30.468,16.131,-14.337000000000003,0.522,6.100000000000001,-2.5,-1.3999999999999986,-6.900000000000002,-1.0,-0.3999999999999986,3.0,6.5,-6.5,-3.0,1.5,4.899999999999999,-2.200000000000003,5.800000000000001,-1.7000000000000028,-3.5999999999999996,2.6999999999999993,4.0,-6.399999999999999,-4.299999999999997,4.300000000000001,5.399999999999999,-5.399999999999999,0.6380000000000052,0.9320000000000022,1.1170000000000044,-0.2570000000000001,65.168,0.9000000000000057,-1.3000000000000114,0.11999999999999988,-0.08199999999999996,17.328000000000003,12.9,-188,-167,-221,-186,-232,-139,29,-160,-77,18,-37,-205,-205,-37,-24,-176,-96,-284,-115,152,118,-47,-106,52,-54,131,-126,-7,-124,-106,78,-166,-36,-85,-160,-166,-175,15.2,8.900000000000006,-6.299999999999997,0.37400000000000005,49,47,2,5.864405259999998,2.299999999999997,0.30000000000000426,-2.799999999999997,-5.300000000000001,-1.0,-0.6999999999999993,0.0,1.0999999999999943,-1.1000000000000014,0.0,1.0,2.0,0.10000000000000142,1.7999999999999972,0.5,1.1999999999999993,0.20000000000000107,3.8999999999999986,0.6000000000000014,-2.1000000000000085,2.1000000000000014,-1.9000000000000057,1.8999999999999986,0.5999999999999943,0.9609999999999985,1.333999999999989,-0.14800000000000013,46.015,-1.0,-1.2999999999999972,0.038999999999999924,-0.0029999999999998916,16.087,7.8
2024,64,Houston,Longwood,B12,BSth,34,30,4,88.23529412,31,18,13,58.06451613,-3.734499999999997,136,-3.4938000000000002,121,5.739000000000004,-98,13.155999999999992,-171,-13.088899999999995,-80,-17.603800000000007,-144,30.759390000000003,-155,34.564,15.254999999999995,-19.308999999999997,0.503,0.30000000000000426,-7.299999999999997,-9.600000000000001,2.8999999999999986,-4.300000000000001,5.099999999999998,0.19999999999999574,-4.700000000000003,4.699999999999999,-0.19999999999999574,-3.799999999999997,-0.20000000000000284,-7.5,0.5,-4.600000000000001,8.900000000000002,0.20000000000000018,1.1000000000000014,10.900000000000006,-8.300000000000004,8.3,-1.3999999999999986,1.3999999999999986,-3.4819999999999993,-1.1779999999999973,-0.8979999999999961,-0.04300000000000015,46.022,0.6000000000000085,-3.0999999999999943,0.06199999999999983,-0.1279999999999999,24.77,19.2,-169,-187,-166,-169,-12,-231,232,38,-238,-43,-1,183,183,-1,137,5,-203,-23,-224,-286,10,-37,214,145,-147,-37,35,129,154,95,12,-123,-10,-74,-107,-75,-298,21.2,9.600000000000009,-11.599999999999994,0.469,191,157,34,14.400059230000004,1.5,-2.299999999999997,-3.5,-5.0,0.1999999999999993,1.8000000000000007,2.099999999999998,1.5,-1.5,-2.1000000000000085,0.20000000000000284,1.8999999999999986,-3.0,0.6000000000000014,-0.7999999999999972,2.0999999999999996,0.1999999999999993,9.400000000000006,5.600000000000001,-1.8000000000000043,1.8000000000000043,-1.3999999999999986,1.3999999999999986,0.30000000000001137,0.7979999999999876,1.25,-0.14100000000000001,40.438,1.8000000000000114,-0.20000000000000284,0.03300000000000014,-0.07299999999999995,21.253000000000004,11.6
2024,64,Nebraska,Texas A&M,B10,SEC,33,23,10,69.6969697,34,20,14,58.82352941,1.8155000000000001,-124,2.7674999999999983,-166,0.1880000000000024,-3,-0.12999999999999545,5,-4.221000000000004,-108,-2.2140999999999877,-27,2.083199999999998,-16,4.0070000000000014,0.6670000000000016,-3.3400000000000034,0.050000000000000044,7.800000000000004,-3.8000000000000043,-5.800000000000004,-3.5,1.700000000000001,-0.5,-14.099999999999998,-2.0,2.0,14.100000000000001,1.8999999999999915,5.799999999999997,-4.299999999999997,7.399999999999999,-2.0,-1.7000000000000002,-2.799999999999999,12.600000000000001,-7.399999999999999,-6.399999999999999,6.399999999999999,3.1999999999999957,-3.1999999999999957,3.0999999999999943,0.28999999999999204,0.6490000000000009,0.037000000000000366,-27.375999999999998,4.5,-0.7999999999999972,0.0030000000000001137,-0.04500000000000015,-4.254000000000001,2.15,-19,-5,-34,-21,-281,-149,142,-81,75,39,218,94,94,218,-129,-224,-130,-279,-115,98,-64,-266,-115,129,-129,37,-38,-181,-39,-101,-9,62,-181,-42,-11,-114,33,1.3000000000000007,0.0,-1.2999999999999972,0.02100000000000002,0,-3,3,-0.6521739199999956,0.30000000000000426,0.19999999999999574,-1.6000000000000014,-3.200000000000003,0.0,0.0,-1.8000000000000007,1.5,-1.5,1.7999999999999972,-1.9000000000000057,-0.4000000000000057,-0.6000000000000014,1.0,1.0,-2.0999999999999996,-1.299999999999999,2.6999999999999957,1.7000000000000028,3.000000000000007,-3.0,2.6999999999999957,-2.6999999999999957,-1.2000000000000028,0.2780000000000058,0.0010000000000047748,-0.0970000000000002,7.760999999999996,-0.8000000000000114,-0.5,-0.010999999999999899,-0.0129999999999999,1.9909999999999997,0.51
2024,64,Wisconsin,James Madison,B10,SB,35,22,13,62.85714286,33,30,3,90.90909091,-5.355900000000005,265,-4.3215,236,-2.216000000000008,14,6.201999999999998,-43,8.217500000000001,165,-1.497799999999998,-32,7.700200000000001,-42,9.473999999999998,7.876000000000005,-1.597999999999999,0.124,-2.0,5.5,-0.7000000000000028,-1.8999999999999986,-0.09999999999999964,-2.900000000000002,-1.5,3.0999999999999943,-3.1000000000000014,1.5,-5.299999999999997,-1.6000000000000014,1.6000000000000014,-1.7000000000000028,8.5,-3.0999999999999996,1.799999999999999,-6.599999999999994,5.200000000000003,2.6999999999999957,-2.700000000000003,0.6999999999999886,-0.7000000000000028,-4.804000000000002,1.1559999999999917,2.2079999999999984,-0.45399999999999996,48.363,5.400000000000006,-0.5999999999999943,-0.02299999999999991,0.08700000000000008,27.695999999999998,1.7999999999999998,-49,-51,-34,-50,48,250,22,-50,-3,143,36,-92,-92,36,263,52,72,96,344,88,133,165,76,-69,67,15,-18,250,-129,-211,137,-206,-218,-34,18,176,-316,18.5,10.599999999999994,-7.8999999999999915,0.42,28,65,-37,11.241948470000004,2.0,-0.6000000000000014,2.0999999999999943,-3.3999999999999986,-1.0999999999999996,-0.1999999999999993,0.40000000000000213,1.2999999999999972,-1.3000000000000007,-0.3999999999999915,-1.7999999999999972,1.8999999999999986,-1.5,1.3999999999999986,0.6000000000000014,0.20000000000000107,-0.5999999999999996,7.299999999999997,3.700000000000003,0.4000000000000057,-0.3999999999999986,1.0999999999999943,-1.0999999999999943,-1.1000000000000085,0.9310000000000116,1.1159999999999997,-0.10200000000000009,46.16,1.8999999999999915,1.2999999999999972,0.052000000000000046,-0.018999999999999906,19.844,10.61
2024,64,Duke,Vermont,ACC,AE,32,24,8,75.0,32,26,6,81.25,2.249500000000012,-102,3.4450999999999965,-118,10.695999999999998,-118,14.704999999999998,-152,2.251500000000007,22,-3.1948000000000008,-36,17.8995,-96,18.128999999999998,16.274,-1.855000000000004,0.268,3.4000000000000057,2.299999999999997,4.099999999999998,1.7000000000000028,0.5,1.799999999999999,9.400000000000002,-2.6000000000000085,2.599999999999998,-9.399999999999991,2.200000000000003,1.2999999999999972,2.700000000000003,4.200000000000003,1.1000000000000014,-1.0999999999999996,1.200000000000001,1.6999999999999957,7.5,6.700000000000003,-6.700000000000003,1.0,-1.0,3.5560000000000045,1.323999999999998,3.0010000000000048,-1.1570000000000003,87.337,-0.09999999999999432,-3.5,0.10399999999999987,0.025000000000000022,16.747999999999998,4.5,-101,-182,-22,-99,-99,69,-120,29,18,-119,-257,49,49,-257,-101,-34,87,-185,52,66,50,-38,154,-146,148,35,-35,-133,-182,-290,263,-252,6,-194,-122,27,-218,17.2,10.299999999999997,-6.8999999999999915,0.42700000000000005,222,149,73,8.05781391,1.8999999999999986,0.6999999999999957,0.6999999999999993,-2.0,-1.1000000000000014,0.5999999999999979,2.5,0.5999999999999943,-0.6000000000000014,-2.5,-2.5999999999999943,0.6000000000000014,-0.4000000000000057,2.6000000000000014,1.7999999999999972,0.5,-1.0999999999999996,3.4000000000000057,2.3999999999999986,-0.7999999999999972,0.7999999999999972,-2.6999999999999957,2.6999999999999957,-1.7999999999999972,1.1210000000000093,1.987000000000009,-0.4939999999999998,56.088,2.5,1.8999999999999915,0.06299999999999994,0.0029999999999998916,16.659,8.4
2024,64,Texas Tech,North Carolina St.,B12,ACC,33,23,10,69.6969697,36,22,14,61.11111111,-1.690000000000012,110,-1.4191000000000003,97,2.2369999999999948,-39,3.5579999999999927,-24,-1.9269999999999925,-59,-1.930499999999995,-44,5.4887999999999995,-34,6.244,3.558000000000007,-2.686000000000007,0.08699999999999997,2.0999999999999943,-1.3999999999999986,2.1000000000000014,-5.299999999999997,2.8000000000000007,-0.8999999999999986,1.5999999999999979,-1.0,1.0,-1.6000000000000085,-1.7000000000000028,1.3999999999999986,0.10000000000000142,1.8999999999999986,-2.799999999999997,-2.3000000000000007,2.3999999999999995,9.799999999999997,-1.6000000000000014,-7.600000000000001,7.600000000000001,-3.700000000000003,3.700000000000003,-1.4590000000000032,-0.6200000000000045,-0.8260000000000076,-0.32399999999999984,1.536999999999999,4.3999999999999915,-2.200000000000003,0.02200000000000002,-0.016999999999999904,3.647999999999996,4.0,-32,-26,-51,-36,-105,-86,-61,-126,142,52,-56,42,42,-56,108,-56,2,-104,-175,130,197,-211,-50,198,-198,-146,142,98,106,126,102,-5,-98,-137,-40,-51,-28,5.699999999999999,2.200000000000003,-3.5,0.08799999999999997,-35,2,-37,4.82734696,0.29999999999999716,-1.3999999999999986,2.5,2.3000000000000007,1.6000000000000014,1.8000000000000007,3.3999999999999986,-0.7999999999999972,0.8000000000000007,-3.4000000000000057,-0.10000000000000853,0.6999999999999957,-1.5,-0.10000000000000142,-0.7999999999999972,0.3000000000000007,0.09999999999999964,5.0,2.700000000000003,-0.10000000000000142,0.10000000000000142,0.5,-0.5,0.0,-0.3090000000000117,-0.16200000000000614,0.44300000000000006,-13.716999999999999,-1.3999999999999915,-1.3999999999999915,0.007000000000000117,-0.038999999999999924,5.405000000000005,3.2
2024,64,Kentucky,Oakland,SEC,Horz,32,23,9,71.875,34,23,11,67.64705882,5.890000000000001,-190,5.973100000000002,-221,8.554000000000002,-65,14.149000000000001,-130,0.49499999999999034,15,-3.0519999999999925,-57,17.20057,-118,17.592999999999996,15.191999999999993,-2.4009999999999962,0.30800000000000005,5.299999999999997,-1.1000000000000014,-0.5,6.599999999999998,-2.0,-0.3000000000000007,-1.7000000000000028,-1.6000000000000085,1.5999999999999979,1.6999999999999886,5.8999999999999915,2.9000000000000057,-0.7000000000000028,6.100000000000001,-1.2999999999999972,8.200000000000001,0.9000000000000004,1.3000000000000043,-10.5,3.5,-3.5,0.8000000000000043,-0.8000000000000043,5.73599999999999,2.3190000000000026,3.1599999999999966,-1.5890000000000002,66.69699999999999,1.5,-1.5,0.08999999999999986,0.01100000000000012,14.110999999999999,7.1,-117,-126,-40,-111,-95,-67,13,168,-95,24,57,70,70,57,-194,-83,-30,-118,-78,-253,73,-26,-143,-94,94,14,-13,-209,-283,-320,337,-200,-20,-92,-71,27,-103,20.9,10.599999999999994,-10.299999999999997,0.49099999999999994,119,116,3,13.306770369999995,0.09999999999999432,-3.299999999999997,4.899999999999999,2.4000000000000057,-1.4999999999999982,-0.6999999999999993,1.8000000000000007,1.0,-1.0,-1.7999999999999972,1.0,-0.5,-4.399999999999999,0.7999999999999972,-1.0,3.5999999999999996,1.3999999999999986,2.200000000000003,-3.1000000000000014,-1.2000000000000028,1.2000000000000028,-0.19999999999999574,0.19999999999999574,0.5999999999999943,1.1219999999999999,1.7680000000000007,0.028000000000000025,43.994,0.5,0.19999999999998863,0.040999999999999925,-0.039000000000000146,18.984,11.1
2024,64,Florida,Colorado,SEC,P12,35,24,11,68.57142857,34,24,10,70.58823529,3.8748999999999967,-121,4.1828,-147,1.1129999999999995,-8,1.7379999999999995,-11,3.719999999999999,105,2.016300000000001,41,-0.2781999999999982,3,1.1799999999999997,2.4650000000000034,1.2849999999999966,0.009000000000000008,-3.799999999999997,-0.5,3.3000000000000043,6.100000000000001,-2.3000000000000007,-0.6999999999999993,5.100000000000001,-4.900000000000006,4.899999999999999,-5.099999999999994,3.9000000000000057,-1.8999999999999986,-1.1000000000000014,-5.199999999999996,0.30000000000000426,6.6,0.29999999999999893,-5.899999999999999,-2.299999999999997,-4.099999999999994,4.100000000000001,2.5999999999999943,-2.5999999999999943,3.8870000000000005,-0.20300000000000296,1.0339999999999918,-0.4930000000000001,-8.799999999999997,-6.599999999999994,-0.10000000000000853,0.010999999999999899,0.038000000000000034,5.210000000000001,1.3,-4,-11,30,-3,121,-29,-66,156,-167,23,-68,160,160,-68,-126,68,-53,157,15,-303,28,121,-19,64,-65,60,-64,-140,4,-26,160,25,207,-10,-9,109,-44,2.5999999999999996,2.799999999999997,0.20000000000000284,0.040999999999999925,69,58,11,4.360613809999997,-0.5,-1.0,3.799999999999997,3.900000000000002,-0.7000000000000011,0.10000000000000142,3.400000000000002,-2.8999999999999915,2.900000000000002,-3.3999999999999915,0.7999999999999972,0.20000000000000284,-0.7000000000000028,-1.0,-1.1000000000000014,2.3000000000000007,1.799999999999999,-1.0,-0.7000000000000028,-2.6999999999999957,2.700000000000003,-0.8999999999999986,0.8999999999999986,0.5,-0.5889999999999986,-0.3569999999999993,0.13600000000000012,-4.689999999999998,2.0,2.0999999999999943,0.03400000000000003,0.0129999999999999,2.5710000000000015,2.2
2024,64,Marquette,Western Kentucky,BE,CUSA,34,25,9,73.52941176,30,19,11,63.33333333,-6.091899999999995,122,-6.166899999999998,90,7.506,-142,12.74199999999999,-170,2.0822000000000003,35,-6.931400000000011,-84,19.67427,-120,20.924,13.724000000000004,-7.200000000000003,0.3400000000000001,3.200000000000003,1.4000000000000057,-7.299999999999997,-5.199999999999999,-4.0,2.5,-2.5,-4.099999999999994,4.100000000000001,2.5,-6.1000000000000085,3.8999999999999986,0.9000000000000057,1.3999999999999986,1.3999999999999986,1.3000000000000007,-1.299999999999999,9.799999999999997,11.100000000000001,-9.5,9.5,-3.0,3.0,-5.994000000000014,0.7600000000000051,1.6440000000000055,-0.5399999999999998,24.818000000000005,-0.4000000000000057,6.799999999999997,0.07699999999999996,0.017000000000000015,27.194000000000003,13.1,-124,-156,-91,-124,-90,65,167,-137,-246,-63,87,191,191,87,124,-88,39,-78,77,-65,-116,-227,234,220,-219,-58,57,85,-97,-167,168,-52,15,314,-147,28,-297,16.2,11.299999999999997,-4.900000000000006,0.37199999999999994,90,74,16,8.611111109999996,2.5,-0.5999999999999943,-4.800000000000001,-8.099999999999998,-2.6000000000000014,-2.6999999999999993,1.0,0.5,-0.5,-1.0,-0.8000000000000114,2.799999999999997,-0.7999999999999972,1.3000000000000043,-0.20000000000000284,1.0999999999999996,0.3000000000000007,6.899999999999999,4.100000000000001,-3.0,3.0,-1.2000000000000028,1.2000000000000028,-0.4000000000000057,0.9669999999999987,0.8770000000000095,-0.18900000000000006,37.821,5.3999999999999915,3.0,0.07900000000000018,0.019000000000000128,20.739,9.54
2024,64,Purdue,Grambling St.,B10,SWAC,33,29,4,87.87878788,31,17,14,54.83870968,2.694500000000005,-150,2.5551999999999992,-139,21.90140000000001,-309,25.714399999999998,-293,-2.1710000000000065,-46,-11.213999999999999,-176,36.928290000000004,-264,39.83,28.540000000000006,-11.290000000000006,0.6829999999999999,7.799999999999997,-1.3999999999999986,3.1999999999999957,-10.899999999999999,-4.0,-5.0,9.299999999999997,8.0,-8.000000000000004,-9.300000000000004,2.5,6.200000000000003,-0.29999999999999716,6.699999999999996,-2.3000000000000043,1.299999999999999,-1.9000000000000004,23.9,0.0,-5.200000000000003,5.199999999999999,-3.799999999999997,3.8000000000000043,2.698999999999998,1.328000000000003,3.034000000000006,-0.47599999999999976,40.092,1.5,-1.3999999999999915,0.22499999999999998,-0.020999999999999908,20.778,19.0,-267,-304,-173,-269,-262,-53,-21,-211,-188,277,-201,-301,-301,-201,-138,-234,-17,-171,-117,-63,-68,-348,0,89,-86,-131,134,-145,-200,-162,146,-119,-72,-73,-316,-48,-147,30.200000000000003,18.200000000000003,-12.0,0.6799999999999999,99,136,-37,21.5765386,4.899999999999999,-2.1000000000000014,-1.2000000000000028,-9.200000000000003,-3.700000000000001,-2.3000000000000007,0.9000000000000021,3.5,-3.4999999999999964,-0.8999999999999915,-1.2999999999999972,5.199999999999996,-2.8000000000000043,2.8999999999999986,-0.7000000000000028,1.3000000000000007,-0.5999999999999996,6.199999999999996,-3.0,-2.3999999999999915,2.3999999999999986,2.1999999999999957,-2.1999999999999957,-0.7999999999999972,1.6800000000000068,1.8559999999999945,-0.27900000000000014,54.469,1.2999999999999972,0.5999999999999943,0.1270000000000001,-0.03200000000000003,18.535000000000004,13.41
2024,64,Utah St.,TCU,MWC,B12,31,25,6,80.64516129,33,21,12,63.63636364,-1.5498999999999938,74,-1.1332000000000022,44,2.515999999999991,-41,0.5160000000000053,-5,2.1577999999999946,44,2.6931999999999903,37,-2.1776000000000018,15,-3.606,-0.3499999999999943,3.2560000000000002,-0.05400000000000005,2.200000000000003,-0.6999999999999957,4.899999999999999,-5.300000000000004,-2.1999999999999993,-4.400000000000002,-7.0,3.1999999999999886,-3.200000000000003,7.0,-1.5,5.899999999999999,2.200000000000003,-3.5,-3.799999999999997,0.9000000000000004,-2.799999999999999,-3.1000000000000014,-7.399999999999999,-3.200000000000003,3.1999999999999993,-1.5,1.5,-1.3789999999999907,-0.8009999999999877,-0.06499999999999773,-0.8320000000000001,-31.793999999999997,-1.7999999999999972,2.0999999999999943,0.018999999999999906,0.026000000000000023,-10.075,1.9999999999999998,21,4,56,25,-70,-45,-93,-139,-151,201,172,-122,-122,172,77,-136,97,184,-114,-47,-133,37,-177,45,-45,-58,65,55,103,8,202,76,92,118,-27,54,63,-8.799999999999999,-3.4000000000000057,5.3999999999999915,-0.15100000000000002,-113,-87,-26,-4.876978270000002,0.30000000000000426,2.0,0.6000000000000014,0.3999999999999986,-1.0,-1.3999999999999986,-3.6999999999999993,-0.09999999999999432,0.10000000000000142,3.700000000000003,-1.2999999999999972,0.9000000000000057,2.700000000000003,-0.6000000000000014,0.3999999999999986,-0.5,0.20000000000000107,-2.4000000000000057,-0.6000000000000014,0.30000000000000426,-0.30000000000000426,-0.20000000000000284,0.20000000000000284,-0.8000000000000114,-0.16099999999998715,-0.5750000000000028,0.04499999999999993,-22.384999999999998,-0.20000000000000284,0.5,-0.008000000000000007,0.050000000000000044,-8.871000000000002,-4.5
2024,64,Gonzaga,McNeese St.,WCC,Slnd,31,24,7,77.41935484,29,26,3,89.65517241,2.981899999999996,-175,3.513300000000001,-199,2.242999999999995,-8,6.963999999999999,-42,3.511899999999997,36,-1.7381000000000029,-38,8.7015,-45,12.4,9.945000000000007,-2.4549999999999983,0.16300000000000003,1.8000000000000043,-0.5,-9.100000000000001,-8.099999999999998,-0.1999999999999993,-6.5,1.1999999999999957,3.200000000000003,-3.1999999999999993,-1.2000000000000028,3.0,5.5,-1.1999999999999957,-3.8999999999999986,1.0,-2.700000000000001,-2.5999999999999996,0.30000000000000426,-9.699999999999996,2.1999999999999886,-2.200000000000003,11.200000000000003,-11.200000000000003,3.7489999999999952,1.6540000000000106,1.9099999999999966,-0.48799999999999977,53.626000000000005,3.0999999999999943,1.2999999999999972,0.02400000000000002,0.03500000000000003,15.010000000000002,1.8,-65,-67,-46,-67,-20,-13,206,-197,-9,207,-27,-143,-143,-27,-174,-74,-17,88,71,102,-153,-4,-214,-35,32,191,-186,-213,-245,-244,152,-128,-133,90,-9,34,-249,12.1,7.199999999999989,-4.900000000000006,0.30700000000000005,-13,20,-33,9.07606045,3.0999999999999943,0.0,-5.5000000000000036,-5.799999999999997,-1.9000000000000021,-2.0,-0.6999999999999993,4.299999999999997,-4.300000000000001,0.7000000000000028,-1.0,3.3000000000000043,-1.1000000000000014,1.8999999999999986,1.1999999999999957,-1.3000000000000007,-2.6000000000000005,2.700000000000003,-1.5999999999999943,-1.6000000000000014,1.6000000000000014,0.5,-0.5,-0.5,1.3489999999999895,1.5470000000000113,-0.14600000000000013,22.96,0.3999999999999915,0.30000000000001137,0.05500000000000016,-0.010000000000000009,6.857999999999999,4.799999999999999
2024,64,Kansas,Samford,B12,SC,31,21,10,67.74193548,32,27,5,84.375,-4.152299999999997,95,-3.5387000000000057,78,-6.700999999999993,108,0.2990000000000066,-4,-1.751800000000003,-41,-9.1344,-106,9.43332,-59,11.505999999999998,1.8070000000000022,-9.698999999999998,0.17900000000000005,-3.5,-2.3999999999999986,-3.6000000000000014,-8.5,-1.7000000000000028,-4.899999999999999,-4.899999999999999,5.599999999999994,-5.600000000000001,4.900000000000006,-4.1000000000000085,-0.7000000000000028,-4.200000000000003,-6.0,-0.10000000000000142,0.40000000000000036,-3.5999999999999996,9.100000000000001,-2.3999999999999986,11.199999999999996,-11.2,-1.0,1.0,-3.6869999999999976,3.105000000000004,3.0160000000000053,0.005999999999999783,49.38,0.30000000000001137,0.8000000000000114,-0.07099999999999995,-0.019999999999999907,25.894999999999996,4.2299999999999995,-69,-15,-119,-73,48,-110,95,-205,-119,172,162,-244,-244,162,101,9,-129,203,-11,-21,-263,-42,-66,-247,246,-18,21,81,-342,-262,-3,-140,-17,33,111,-41,-258,19.8,9.100000000000009,-10.700000000000003,0.432,155,131,24,11.482168469999998,0.19999999999999574,-2.6000000000000014,3.3999999999999986,-0.29999999999999716,0.0,1.8999999999999986,2.599999999999998,0.5,-0.5,-2.6000000000000085,-0.7000000000000028,0.7999999999999972,-2.3000000000000043,-0.3999999999999986,-2.1000000000000014,1.8000000000000007,-0.20000000000000107,6.100000000000001,3.5,2.6999999999999957,-2.6999999999999957,1.6000000000000014,-1.6000000000000014,-0.3999999999999915,1.218999999999994,1.1069999999999993,0.27500000000000013,40.248999999999995,2.1000000000000085,1.2000000000000028,0.029000000000000137,-0.06600000000000006,20.732000000000003,10.6
2024,64,South Carolina,Oregon,SEC,P12,33,26,7,78.78787879,34,23,11,67.64705882,-3.8799000000000063,183,-4.2890000000000015,157,1.2890000000000015,-29,0.6989999999999981,-4,-1.4350000000000023,-47,-0.9355000000000047,-16,1.6340000000000003,-6,1.8049999999999997,1.0999999999999943,-0.7049999999999983,0.027000000000000024,-1.0,-3.5,-0.49999999999999645,-1.9999999999999964,0.6999999999999993,-2.9999999999999982,4.400000000000002,-0.9000000000000057,0.8999999999999986,-4.3999999999999915,-3.8999999999999915,-1.6000000000000014,-4.800000000000004,-0.10000000000000142,-0.6999999999999957,-1.6000000000000014,4.1,9.5,-2.8000000000000043,-4.299999999999997,4.299999999999997,5.0,-5.0000000000000036,-4.128999999999998,0.6730000000000018,-0.012000000000000455,0.2729999999999999,-4.402999999999999,-0.09999999999999432,0.7999999999999972,0.010999999999999899,-0.017000000000000126,-0.05099999999999838,3.3000000000000003,-10,-11,-16,-10,49,-185,17,-60,27,187,-121,34,34,-121,175,67,-191,5,-64,78,169,-154,-67,114,-114,108,-109,154,-113,2,-82,4,10,53,-22,-50,2,2.5999999999999996,2.799999999999997,0.20000000000000284,0.040999999999999925,69,58,11,4.360613809999997,-0.5,-1.0,3.799999999999997,3.900000000000002,-0.7000000000000011,0.10000000000000142,3.400000000000002,-2.8999999999999915,2.900000000000002,-3.3999999999999915,0.7999999999999972,0.20000000000000284,-0.7000000000000028,-1.0,-1.1000000000000014,2.3000000000000007,1.799999999999999,-1.0,-0.7000000000000028,-2.6999999999999957,2.700000000000003,-0.8999999999999986,0.8999999999999986,0.5,-0.5889999999999986,-0.3569999999999993,0.13600000000000012,-4.689999999999998,2.0,2.0999999999999943,0.03400000000000003,0.0129999999999999,2.5710000000000015,2.2
2024,64,Creighton,Akron,BE,MAC,32,23,9,71.875,32,22,10,68.75,1.2006999999999977,-61,1.136400000000009,-61,8.524000000000001,-104,13.081999999999994,-150,0.9074000000000098,19,-5.380800000000008,-73,18.46221,-105,20.66,15.566999999999993,-5.0930000000000035,0.3330000000000001,5.5,-2.200000000000003,-9.100000000000001,-12.8,-1.8999999999999986,-5.400000000000002,-3.6000000000000014,1.0,-1.0,3.5999999999999943,1.2999999999999972,5.800000000000004,-5.0,4.100000000000001,2.200000000000003,0.5999999999999996,1.2999999999999998,10.399999999999999,-4.5,-7.399999999999999,7.399999999999999,9.599999999999994,-9.599999999999998,1.2490000000000094,1.7240000000000038,2.600999999999999,-0.262,41.914,5.699999999999989,9.299999999999997,0.08400000000000007,0.009999999999999898,21.298000000000002,8.9,-121,-164,-76,-121,-103,-60,198,-87,-126,156,133,-31,-31,133,-63,-28,-176,-216,68,-40,103,-206,-40,64,-64,161,-165,-63,-224,-194,67,-128,-151,315,-104,19,-227,20.9,11.399999999999991,-9.5,0.49399999999999994,-8,32,-40,9.921497589999994,2.0,-1.2999999999999972,-2.099999999999998,-2.8999999999999986,-0.9000000000000021,-0.1999999999999993,1.3000000000000007,0.7999999999999972,-0.8000000000000007,-1.2999999999999972,0.0,1.7999999999999972,-2.3999999999999986,1.6000000000000014,0.19999999999999574,2.0,1.4000000000000004,7.399999999999999,3.6000000000000014,-1.7000000000000028,1.7000000000000028,-0.20000000000000284,0.20000000000000284,0.09999999999999432,0.695999999999998,0.6370000000000005,0.23199999999999976,41.86,3.799999999999997,2.6000000000000085,0.05400000000000005,-0.020999999999999908,22.917,11.139999999999999
2024,64,Texas,Colorado St.,B12,MWC,32,20,12,62.5,32,22,10,68.75,1.6987999999999914,-87,1.356499999999997,-74,-0.17799999999999727,2,3.1439999999999912,-23,-0.8689999999999998,-20,1.3430000000000035,23,1.8007000000000026,-11,5.095000000000001,5.221000000000004,0.12600000000000477,0.05500000000000005,-0.8999999999999986,-0.29999999999999716,-2.200000000000003,3.1999999999999993,1.8000000000000007,1.7000000000000028,6.199999999999999,-2.5,2.5,-6.200000000000003,1.7000000000000028,-4.200000000000003,-1.1000000000000014,2.8999999999999986,0.7999999999999972,3.5999999999999996,0.40000000000000036,-9.200000000000003,-1.6000000000000014,3.3999999999999915,-3.3999999999999986,1.5999999999999943,-1.6000000000000014,1.3259999999999934,0.08800000000000807,1.5480000000000018,-0.29000000000000004,28.773000000000003,0.29999999999999716,-2.299999999999997,-0.0029999999999998916,-0.009000000000000119,6.665999999999997,-0.30000000000000004,-24,-31,2,-24,17,-17,65,92,109,-102,-191,116,116,-191,-83,54,-40,-159,49,-182,42,54,-40,-98,95,30,-31,-73,-10,-199,75,-70,-10,-132,4,-22,-57,8.799999999999999,3.4000000000000057,-5.3999999999999915,0.15100000000000002,113,87,26,4.876978270000002,-0.30000000000000426,-2.0,-0.6000000000000014,-0.3999999999999986,1.0,1.3999999999999986,3.6999999999999993,0.09999999999999432,-0.10000000000000142,-3.700000000000003,1.2999999999999972,-0.9000000000000057,-2.700000000000003,0.6000000000000014,-0.3999999999999986,0.5,-0.20000000000000107,2.4000000000000057,0.6000000000000014,-0.30000000000000426,0.30000000000000426,0.20000000000000284,-0.20000000000000284,0.8000000000000114,0.16099999999998715,0.5750000000000028,-0.04499999999999993,22.384999999999998,0.20000000000000284,-0.5,0.008000000000000007,-0.050000000000000044,8.871000000000002,4.5
2024,64,Tennessee,Saint Peter's,SEC,MAAC,32,24,8,75.0,31,18,13,58.06451613,5.354099999999988,-272,5.248099999999994,-259,13.105599999999995,-249,18.4328,-276,-0.5142999999999915,-4,-9.860100000000003,-73,28.29262,-180,27.708,18.80300000000001,-8.905000000000001,0.5339999999999999,6.5,-1.2000000000000028,-3.8000000000000043,-6.5,-5.000000000000002,-1.4000000000000021,-2.700000000000003,0.8000000000000114,-0.7999999999999972,2.6999999999999886,5.199999999999989,9.200000000000003,-2.1000000000000014,0.30000000000000426,-0.10000000000000142,0.7999999999999989,-2.5999999999999996,12.200000000000003,-0.20000000000000284,-10.200000000000003,10.199999999999996,-6.899999999999999,6.899999999999999,5.229999999999997,-0.6280000000000001,0.6710000000000065,0.4650000000000001,54.636,3.0,0.20000000000000284,0.133,-0.0020000000000000018,24.673,14.600000000000001,-199,-281,-79,-201,-209,-15,81,-76,-283,34,50,-41,-41,50,-266,-232,-25,-17,-5,-9,-203,-196,-4,238,-238,-230,229,-259,107,-105,-151,-245,-125,19,-250,-2,-312,21.7,14.200000000000003,-7.5,0.5149999999999999,114,112,2,12.816034179999996,1.8999999999999986,-1.3999999999999986,6.399999999999999,3.0000000000000036,-2.4999999999999982,-1.3000000000000007,2.700000000000003,-1.2999999999999972,1.3000000000000007,-2.6999999999999886,2.1000000000000085,3.200000000000003,-1.2000000000000028,-0.20000000000000284,-1.2000000000000028,3.200000000000001,1.0999999999999996,0.8999999999999986,-0.8000000000000043,-3.6000000000000014,3.6000000000000014,-2.6999999999999957,2.6999999999999957,1.2000000000000028,0.6760000000000019,1.4140000000000015,0.29000000000000026,44.845,2.0,1.6999999999999886,0.09400000000000008,0.016000000000000014,21.18,12.0
