YEAR,CURRENT_ROUND,TEAM_A,SEED_A,TEAM_B,SEED_B,WINNER_TEAM,GAME_ID,K TEMPO_A,K TEMPO RANK_A,KADJ T_A,KADJ T RANK_A,K OFF_A,KO RANK_A,KADJ O_A,KADJ O RANK_A,K DEF_A,KD RANK_A,KADJ D_A,KADJ D RANK_A,KADJ EM_A,KADJ EM RANK_A,BADJ EM_A,BADJ O_A,BADJ D_A,BARTHAG_A,GAMES_A,W_A,L_A,WIN%_A,EFG%_A,EFG%D_A,FTR_A,FTRD_A,TOV%_A,TOV%D_A,OREB%_A,DREB%_A,OP OREB%_A,OP DREB%_A,RAW T_A,2PT%_A,2PT%D_A,3PT%_A,3PT%D_A,BLK%_A,BLKED%_A,AST%_A,OP AST%_A,2PTR_A,3PTR_A,2PTRD_A,3PTRD_A,BADJ T_A,AVG HGT_A,EFF HGT_A,EXP_A,TALENT_A,FT%_A,OP FT%_A,PPPO_A,PPPD_A,ELITE SOS_A,WAB_A,BADJ EM RANK_A,BADJ O RANK_A,BADJ D RANK_A,BARTHAG RANK_A,EFG% RANK_A,EFGD% RANK_A,FTR RANK_A,FTRD RANK_A,TOV% RANK_A,TOV%D RANK_A,OREB% RANK_A,DREB% RANK_A,OP OREB% RANK_A,OP DREB% RANK_A,RAW T RANK_A,2PT% RANK_A,2PT%D RANK_A,3PT% RANK_A,3PT%D RANK_A,BLK% RANK_A,BLKED% RANK_A,AST% RANK_A,OP AST% RANK_A,2PTR RANK_A,3PTR RANK_A,2PTRD RANK_A,3PTRD RANK_A,BADJT RANK_A,AVG HGT RANK_A,EFF HGT RANK_A,EXP RANK_A,TALENT RANK_A,FT% RANK_A,OP FT% RANK_A,PPPO RANK_A,PPPD RANK_A,ELITE SOS RANK_A,CONF REG BADJ EM_A,CONF REG BADJ O_A,CONF REG BADJ D_A,CONF REG BARTHAG_A,CONF REG G_A,CONF REG W_A,CONF REG L_A,CONF REG WIN%_A,CONF REG EFG%_A,CONF REG EFGD%_A,CONF REG FTR_A,CONF REG FTRD_A,CONF REG TOV%_A,CONF REG TOV%D_A,CONF REG OREB%_A,CONF REG DREB%_A,CONF REG OP OREB%_A,CONF REG OP DREB%_A,CONF REG RAW T_A,CONF REG 2PT%_A,CONF REG 2PT%D_A,CONF REG 3PT%_A,CONF REG 3PT%D_A,CONF REG BLK%_A,CONF REG BLKED%_A,CONF REG AST%_A,CONF REG OP AST %_A,CONF REG 2PTR_A,CONF REG 3PTR_A,CONF REG 2PTRD_A,CONF REG 3PTRD_A,CONF REG BADJ T_A,CONF REG AVG HGT_A,CONF REG EFF HGT_A,CONF REG EXP_A,CONF REG TALENT_A,CONF REG FT%_A,CONF REG OP FT%_A,CONF REG PPPO_A,CONF REG PPPD_A,CONF REG ELITE SOS_A,CONF REG WAB_A,K TEMPO_B,K TEMPO RANK_B,KADJ T_B,KADJ T RANK_B,K OFF_B,KO RANK_B,KADJ O_B,KADJ O RANK_B,K DEF_B,KD RANK_B,KADJ D_B,KADJ D RANK_B,KADJ EM_B,KADJ EM RANK_B,BADJ EM_B,BADJ O_B,BADJ D_B,BARTHAG_B,GAMES_B,W_B,L_B,WIN%_B,EFG%_B,EFG%D_B,FTR_B,FTRD_B,TOV%_B,TOV%D_B,OREB%_B,DREB%_B,OP OREB%_B,OP DREB%_B,RAW T_B,2PT%_B,2PT%D_B,3PT%_B,3PT%D_B,BLK%_B,BLKED%_B,AST%_B,OP AST%_B,2PTR_B,3PTR_B,2PTRD_B,3PTRD_B,BADJ T_B,AVG HGT_B,EFF HGT_B,EXP_B,TALENT_B,FT%_B,OP FT%_B,PPPO_B,PPPD_B,ELITE SOS_B,WAB_B,BADJ EM RANK_B,BADJ O RANK_B,BADJ D RANK_B,BARTHAG RANK_B,EFG% RANK_B,EFGD% RANK_B,FTR RANK_B,FTRD RANK_B,TOV% RANK_B,TOV%D RANK_B,OREB% RANK_B,DREB% RANK_B,OP OREB% RANK_B,OP DREB% RANK_B,RAW T RANK_B,2PT% RANK_B,2PT%D RANK_B,3PT% RANK_B,3PT%D RANK_B,BLK% RANK_B,BLKED% RANK_B,AST% RANK_B,OP AST% RANK_B,2PTR RANK_B,3PTR RANK_B,2PTRD RANK_B,3PTRD RANK_B,BADJT RANK_B,AVG HGT RANK_B,EFF HGT RANK_B,EXP RANK_B,TALENT RANK_B,FT% RANK_B,OP FT% RANK_B,PPPO RANK_B,PPPD RANK_B,ELITE SOS RANK_B,CONF REG BADJ EM_B,CONF REG BADJ O_B,CONF REG BADJ D_B,CONF REG BARTHAG_B,CONF REG G_B,CONF REG W_B,CONF REG L_B,CONF REG WIN%_B,CONF REG EFG%_B,CONF REG EFGD%_B,CONF REG FTR_B,CONF REG FTRD_B,CONF REG TOV%_B,CONF REG TOV%D_B,CONF REG OREB%_B,CONF REG DREB%_B,CONF REG OP OREB%_B,CONF REG OP DREB%_B,CONF REG RAW T_B,CONF REG 2PT%_B,CONF REG 2PT%D_B,CONF REG 3PT%_B,CONF REG 3PT%D_B,CONF REG BLK%_B,CONF REG BLKED%_B,CONF REG AST%_B,CONF REG OP AST %_B,CONF REG 2PTR_B,CONF REG 3PTR_B,CONF REG 2PTRD_B,CONF REG 3PTRD_B,CONF REG BADJ T_B,CONF REG AVG HGT_B,CONF REG EFF HGT_B,CONF REG EXP_B,CONF REG TALENT_B,CONF REG FT%_B,CONF REG OP FT%_B,CONF REG PPPO_B,CONF REG PPPD_B,CONF REG ELITE SOS_B,CONF REG WAB_B
2024,64,Connecticut,1,Stetson,16,Connecticut,1,66.2316,299.0,64.4543,329.0,122.708,1.0,126.608,1.0,97.6459,27.0,94.3949,11.0,32.213,1.0,33.493,127.046,93.553,0.971,34.0,31.0,3.0,91.17647059,57.1,45.1,33.3,32.5,14.9,16.2,36.5,73.2,26.8,63.5,66.2,58.5,43.7,36.7,31.9,14.2,8.3,63.7,46.0,59.1,40.9,66.8,33.2,64.586,78.369,81.572,1.709,58.255,74.2,72.2,1.23,0.973,33.643,11.3,2.0,1.0,11.0,2.0,6.0,5.0,161.0,175.0,53.0,240.0,15.0,88.0,88.0,15.0,300.0,6.0,7.0,30.0,67.0,15.0,104.0,6.0,60.0,276.0,89.0,315.0,50.0,325.0,24.0,28.0,283.0,35.0,91.0,201.0,1.0,22.0,19.0,14.8,113.6,98.8,0.833,360.0,203.0,157.0,56.38888889,51.9,49.7,29.8,27.8,16.4,16.5,30.1,71.5,28.5,69.9,68.1,51.9,49.0,34.6,33.9,10.4,10.0,55.0,52.6,60.8,39.2,62.5,37.5,68.3,77.722,80.772,2.102,50.583,74.8,73.7,1.09,1.042,33.917,-0.46,66.6291,277.0,66.1646,257.0,111.41,53.0,110.262,100.0,112.757,336.0,114.366,342.0,-4.1041,218.0,-5.725,108.238,113.963,0.356,31.0,19.0,12.0,61.29032258,53.4,52.0,31.7,25.9,15.8,13.5,27.5,68.8,31.2,72.5,66.7,52.5,52.2,36.5,34.5,7.8,8.1,48.7,49.5,58.2,41.8,62.6,37.4,65.95,77.673,81.379,2.058,19.778,76.3,73.3,1.112,1.121,12.662,-6.8,233.0,118.0,346.0,231.0,55.0,267.0,217.0,27.0,95.0,344.0,233.0,293.0,293.0,233.0,277.0,95.0,267.0,41.0,232.0,260.0,90.0,220.0,149.0,296.0,68.0,171.0,193.0,264.0,90.0,41.0,168.0,132.0,36.0,270.0,57.0,332.0,221.0,-7.9,103.8,111.7,0.301,355.0,153.0,202.0,43.09859155,51.1,52.7,30.7,33.0,15.9,15.4,28.1,70.0,30.0,71.9,69.0,50.0,52.1,35.2,35.9,8.6,9.3,46.0,47.2,61.0,39.0,62.2,37.8,68.7,76.777,79.668,2.026,8.164,73.1,72.5,1.069,1.114,11.659,-12.0
2024,64,Florida Atlantic,8,Northwestern,9,Northwestern,2,69.0429,141.0,68.0531,138.0,117.369,13.0,118.961,16.0,104.021,150.0,102.725,109.0,16.2359,41.0,14.274,117.264,102.99,0.816,33.0,25.0,8.0,75.75757576,55.0,49.7,34.8,27.5,15.8,16.5,33.8,70.8,29.2,66.2,69.0,56.0,49.3,35.6,33.6,7.8,6.7,51.0,37.9,61.2,38.8,63.7,36.3,67.913,76.544,79.864,2.764,21.565,72.0,72.7,1.173,1.041,20.437,1.2,51.0,23.0,134.0,54.0,26.0,134.0,126.0,53.0,95.0,213.0,40.0,191.0,191.0,40.0,147.0,17.0,132.0,89.0,159.0,260.0,20.0,159.0,3.0,228.0,136.0,228.0,137.0,144.0,277.0,223.0,4.0,125.0,184.0,238.0,14.0,152.0,96.0,4.2,108.2,104.0,0.612,442.0,237.0,205.0,53.6199095,50.6,49.8,34.6,32.4,16.4,17.0,30.7,69.5,30.5,69.3,68.5,50.5,49.4,33.8,33.6,10.2,9.9,50.7,51.2,61.8,38.2,61.5,38.5,68.5,77.293,80.347,2.237,30.455,72.0,71.6,1.077,1.054,17.309,-7.0,64.6113,346.0,63.7214,342.0,112.16,49.0,116.657,30.0,104.781,179.0,100.752,72.0,15.9057,46.0,17.988,117.194,99.206,0.872,32.0,21.0,11.0,65.625,53.2,51.6,29.9,39.4,13.3,18.8,25.7,71.8,28.2,74.3,64.6,49.7,50.3,39.4,35.9,9.9,10.3,59.6,58.7,63.2,36.8,63.1,36.9,63.684,77.579,80.627,2.306,35.529,74.8,72.0,1.122,1.051,30.87,1.5,29.0,25.0,64.0,31.0,64.0,249.0,264.0,317.0,7.0,70.0,287.0,140.0,140.0,287.0,349.0,211.0,177.0,7.0,315.0,140.0,270.0,20.0,341.0,172.0,196.0,192.0,176.0,343.0,104.0,110.0,89.0,84.0,75.0,188.0,46.0,186.0,40.0,15.9,114.3,98.4,0.849,460.0,270.0,190.0,58.69565217,51.6,49.3,34.8,31.5,15.9,16.8,30.3,71.2,28.8,69.7,68.3,51.3,48.3,34.8,33.9,9.8,8.9,54.3,51.6,64.4,35.6,64.8,35.2,68.3,77.912,81.161,1.982,57.333,72.6,72.6,1.096,1.036,32.658,0.01
2024,64,San Diego St.,5,UAB,12,San Diego St.,3,67.0337,266.0,65.9846,266.0,108.712,109.0,113.548,62.0,98.4268,31.0,93.8492,9.0,19.6993,21.0,17.67,111.536,93.866,0.879,32.0,22.0,10.0,68.75,49.8,47.2,37.5,33.3,16.0,18.0,32.7,72.0,28.0,67.3,67.0,51.6,48.3,31.3,30.5,11.9,8.9,50.8,48.6,62.2,37.8,59.5,40.5,66.101,77.576,80.787,2.508,43.201,72.9,70.1,1.086,0.986,30.359,2.6,31.0,69.0,14.0,29.0,227.0,33.0,66.0,202.0,107.0,116.0,70.0,132.0,132.0,70.0,268.0,127.0,87.0,307.0,22.0,50.0,158.0,166.0,131.0,197.0,168.0,78.0,286.0,262.0,107.0,92.0,31.0,68.0,137.0,79.0,111.0,33.0,46.0,8.9,110.5,101.6,0.724,344.0,197.0,147.0,57.26744186,52.1,50.5,34.5,32.5,16.3,17.1,28.2,71.7,28.3,71.8,67.0,52.7,51.0,34.0,33.0,9.9,9.3,53.3,51.6,62.7,37.3,62.4,37.6,67.6,77.427,80.341,2.141,26.222,72.2,72.2,1.082,1.048,24.53,-3.3,68.7165,157.0,67.7997,153.0,111.082,61.0,113.68,59.0,109.004,270.0,107.398,202.0,6.28179,106.0,6.447,112.729,106.282,0.663,33.0,22.0,11.0,66.66666667,50.1,51.0,40.5,31.4,16.7,16.1,35.3,69.0,31.0,64.7,68.7,50.4,50.2,33.1,35.0,12.3,10.0,49.6,48.9,68.7,31.3,63.3,36.7,67.733,77.086,80.715,2.218,21.521,74.3,72.2,1.111,1.088,17.731,-2.7,108.0,60.0,197.0,109.0,211.0,209.0,21.0,140.0,165.0,248.0,22.0,281.0,281.0,22.0,160.0,173.0,175.0,222.0,261.0,39.0,250.0,201.0,139.0,53.0,312.0,209.0,164.0,157.0,186.0,101.0,119.0,127.0,88.0,201.0,59.0,274.0,124.0,4.2,108.2,104.0,0.612,442.0,237.0,205.0,53.6199095,50.6,49.8,34.6,32.4,16.4,17.0,30.7,69.5,30.5,69.3,68.5,50.5,49.4,33.8,33.6,10.2,9.9,50.7,51.2,61.8,38.2,61.5,38.5,68.5,77.293,80.347,2.237,30.455,72.0,71.6,1.077,1.054,17.309,-7.0
2024,64,Auburn,4,Yale,13,Yale,4,70.9629,54.0,69.7887,58.0,117.364,14.0,120.579,10.0,95.7924,7.0,91.6765,4.0,28.9026,4.0,28.605,120.655,92.05,0.957,34.0,27.0,7.0,79.41176471,54.1,43.4,38.2,41.0,14.9,18.2,32.9,69.7,30.3,67.1,71.0,54.9,42.8,35.2,29.8,16.0,8.6,62.0,42.8,62.5,37.5,66.7,33.3,69.847,77.688,80.951,2.195,43.053,75.2,73.6,1.174,0.959,28.032,5.5,4.0,10.0,6.0,5.0,43.0,1.0,51.0,332.0,53.0,103.0,63.0,238.0,238.0,63.0,54.0,29.0,1.0,113.0,9.0,3.0,124.0,11.0,25.0,186.0,180.0,312.0,52.0,58.0,86.0,76.0,127.0,69.0,59.0,284.0,12.0,8.0,69.0,14.6,114.3,99.7,0.828,460.0,273.0,187.0,59.34782609,51.3,49.1,36.4,34.7,15.9,16.8,32.1,69.7,30.3,67.9,70.2,51.7,48.9,33.8,32.9,11.9,10.2,51.6,49.9,61.4,38.6,62.1,37.9,69.5,77.634,81.16,2.079,49.572,73.4,73.1,1.107,1.049,30.667,-0.5,65.6179,321.0,64.5226,327.0,110.425,75.0,110.825,89.0,102.165,100.0,101.352,90.0,9.47275,84.0,9.732,109.787,100.055,0.744,29.0,20.0,9.0,68.96551724,52.3,49.7,26.9,29.0,14.1,16.0,28.4,76.0,24.0,71.6,65.6,52.5,48.8,34.6,34.0,10.0,8.6,53.3,57.3,64.7,35.3,58.6,41.4,64.628,78.197,80.485,1.91,9.096,70.7,73.8,1.102,1.021,16.194,-2.5,84.0,95.0,79.0,85.0,88.0,134.0,333.0,88.0,20.0,255.0,196.0,14.0,14.0,196.0,324.0,95.0,106.0,145.0,198.0,138.0,124.0,107.0,328.0,134.0,234.0,55.0,310.0,324.0,34.0,125.0,211.0,191.0,250.0,292.0,79.0,100.0,146.0,0.1,106.5,106.4,0.503,214.0,110.0,104.0,51.40186916,52.0,51.8,29.7,28.1,16.7,16.1,27.2,72.7,27.3,72.8,67.4,52.3,52.1,34.4,34.3,8.6,9.9,54.9,53.7,57.7,42.3,58.8,41.2,67.8,77.136,79.714,1.73,7.799,71.0,70.4,1.063,1.066,15.132,-7.4
2024,64,BYU,6,Duquesne,11,Duquesne,5,70.0246,90.0,69.0581,85.0,116.926,16.0,120.486,11.0,99.9495,53.0,99.4765,48.0,21.0091,16.0,21.656,120.635,98.979,0.907,33.0,23.0,10.0,69.6969697,55.1,48.0,25.3,32.1,15.2,16.0,32.8,75.3,24.7,67.2,70.0,58.0,48.2,34.8,31.8,7.7,7.1,63.2,47.2,49.3,50.7,65.9,34.1,68.967,78.499,81.22,2.232,19.483,73.8,69.8,1.169,0.998,30.879,2.9,17.0,11.0,59.0,18.0,23.0,61.0,348.0,165.0,65.0,255.0,67.0,26.0,26.0,67.0,94.0,8.0,83.0,137.0,60.0,264.0,31.0,8.0,94.0,361.0,2.0,294.0,72.0,90.0,18.0,54.0,116.0,133.0,103.0,62.0,16.0,52.0,39.0,17.7,113.9,96.2,0.875,457.0,284.0,173.0,62.14442013,51.8,48.5,33.9,32.1,17.3,18.5,31.9,71.8,28.2,68.1,68.3,51.8,48.3,34.6,32.6,10.4,9.1,55.7,52.2,62.4,37.6,62.6,37.4,68.4,77.588,80.916,2.096,48.607,72.4,71.7,1.09,0.998,33.401,1.2,66.8316,271.0,66.3236,251.0,104.828,190.0,106.921,166.0,99.8115,50.0,97.5497,28.0,9.37104,86.0,10.179,106.316,96.137,0.761,34.0,23.0,11.0,67.64705882,50.1,48.0,33.1,35.3,17.5,19.5,29.9,70.0,30.0,70.1,66.8,49.6,48.4,33.9,31.7,12.7,11.4,53.8,52.3,60.3,39.7,62.7,37.3,66.271,76.501,80.119,1.999,0.2,71.4,70.7,1.048,0.996,19.651,-1.8,80.0,155.0,26.0,75.0,211.0,61.0,167.0,252.0,213.0,49.0,140.0,226.0,226.0,140.0,273.0,214.0,94.0,181.0,56.0,33.0,322.0,97.0,230.0,248.0,118.0,173.0,191.0,253.0,286.0,178.0,185.0,362.0,220.0,112.0,193.0,47.0,101.0,5.6,108.1,102.5,0.648,481.0,272.0,209.0,56.54885655,51.3,49.3,33.6,32.3,16.7,16.8,28.3,71.7,28.3,71.7,67.6,50.7,48.5,34.9,33.7,10.7,10.2,52.9,51.6,60.2,39.8,61.2,38.8,68.0,77.133,80.264,1.884,18.386,72.2,71.8,1.067,1.035,18.353,-5.8
2024,64,Illinois,3,Morehead St.,14,Illinois,6,70.5498,66.0,69.8886,56.0,118.858,6.0,125.551,3.0,104.051,151.0,101.564,93.0,23.9871,10.0,24.236,125.323,101.087,0.922,34.0,26.0,8.0,76.47058824,53.8,48.0,37.8,27.1,15.1,12.3,36.2,73.9,26.1,63.8,70.5,54.7,46.6,34.9,34.3,8.2,8.3,44.4,42.6,61.7,38.3,72.1,27.9,69.854,78.785,80.635,2.444,56.834,74.5,71.7,1.188,1.039,32.635,6.0,9.0,3.0,97.0,12.0,48.0,61.0,59.0,41.0,62.0,360.0,17.0,62.0,62.0,17.0,70.0,34.0,38.0,128.0,223.0,229.0,104.0,316.0,23.0,213.0,153.0,356.0,7.0,56.0,8.0,109.0,48.0,38.0,80.0,168.0,6.0,147.0,27.0,15.9,114.3,98.4,0.849,460.0,270.0,190.0,58.69565217,51.6,49.3,34.8,31.5,15.9,16.8,30.3,71.2,28.8,69.7,68.3,51.3,48.3,34.8,33.9,9.8,8.9,54.3,51.6,64.4,35.6,64.8,35.2,68.3,77.912,81.161,1.982,57.333,72.6,72.6,1.096,1.036,32.658,0.01,65.7279,318.0,64.2353,335.0,110.583,72.0,108.989,124.0,99.5625,44.0,103.52,120.0,5.46884,111.0,3.291,106.669,103.378,0.589,30.0,22.0,8.0,73.33333333,54.4,45.7,31.3,32.7,18.5,15.5,32.0,73.6,26.4,68.0,65.7,55.6,45.4,35.3,31.1,11.2,7.9,52.4,41.1,54.9,45.1,68.8,31.2,64.279,78.094,80.434,2.372,16.078,71.5,75.8,1.102,0.999,11.774,-3.4,134.0,149.0,142.0,133.0,36.0,9.0,229.0,187.0,283.0,286.0,84.0,71.0,71.0,84.0,320.0,20.0,16.0,108.0,35.0,73.0,75.0,127.0,12.0,339.0,25.0,340.0,25.0,333.0,42.0,127.0,71.0,148.0,210.0,347.0,79.0,55.0,253.0,-10.7,98.6,109.3,0.234,319.0,138.0,181.0,43.26018809,48.1,49.8,33.1,35.5,17.7,16.7,28.1,71.4,28.6,71.9,68.5,47.6,49.6,32.6,33.5,9.4,9.5,47.3,49.4,65.3,34.7,64.2,35.8,68.5,76.815,79.696,2.117,9.536,72.5,73.2,1.006,1.05,10.057,-12.5
2024,64,Washington St.,7,Drake,10,Washington St.,7,66.6789,275.0,64.8206,316.0,110.65,71.0,113.431,64.0,99.4722,40.0,97.215,27.0,16.2158,42.0,16.17,112.793,96.623,0.856,33.0,24.0,9.0,72.72727273,52.1,47.3,31.7,32.7,16.1,15.9,32.9,75.1,24.9,67.1,66.7,52.6,46.9,34.0,32.0,12.2,6.6,45.7,44.3,68.0,32.0,68.5,31.5,64.889,79.296,81.69,1.724,30.424,70.1,73.5,1.106,0.996,25.215,1.9,42.0,58.0,28.0,39.0,99.0,37.0,217.0,187.0,112.0,264.0,63.0,29.0,29.0,63.0,277.0,93.0,47.0,178.0,71.0,44.0,17.0,286.0,39.0,62.0,303.0,335.0,29.0,314.0,2.0,24.0,270.0,95.0,268.0,280.0,71.0,47.0,82.0,12.0,111.5,99.5,0.787,391.0,215.0,176.0,54.98721228,51.8,50.1,32.6,30.8,16.6,16.7,28.7,72.6,27.4,71.3,69.4,51.5,49.6,34.8,34.0,9.6,8.4,52.6,50.6,64.1,35.9,63.0,37.0,69.0,78.223,81.517,1.943,54.262,71.4,71.0,1.073,1.036,28.096,-2.7,68.6721,160.0,67.8384,150.0,114.237,25.0,115.619,38.0,100.305,62.0,100.904,75.0,14.7142,51.0,14.693,114.841,100.148,0.828,33.0,27.0,6.0,81.81818182,54.9,51.0,32.6,31.0,13.9,17.4,24.2,77.9,22.1,75.8,68.7,55.1,51.9,36.5,33.0,4.5,7.2,55.9,41.6,60.4,39.6,60.7,39.3,67.768,76.36,80.074,1.786,15.682,76.3,70.2,1.14,1.003,16.549,1.7,50.0,38.0,81.0,50.0,28.0,209.0,187.0,134.0,15.0,144.0,314.0,1.0,1.0,314.0,160.0,25.0,249.0,41.0,127.0,356.0,36.0,65.0,16.0,244.0,119.0,113.0,253.0,154.0,306.0,184.0,257.0,150.0,36.0,84.0,27.0,62.0,140.0,4.0,107.1,103.1,0.608,383.0,204.0,179.0,53.26370757,52.0,50.8,30.9,29.9,16.3,16.6,25.2,74.3,25.7,74.8,68.1,52.1,50.9,34.6,33.8,8.6,8.7,52.0,49.2,60.4,39.6,61.9,38.1,68.2,76.862,80.011,1.961,8.079,73.3,72.8,1.061,1.041,17.571,-7.2
2024,64,Iowa St.,2,South Dakota St.,15,Iowa St.,8,68.1713,199.0,67.3399,179.0,110.446,74.0,113.864,55.0,89.9131,2.0,87.1458,1.0,26.7178,5.0,27.105,113.65,86.545,0.958,34.0,27.0,7.0,79.41176471,51.9,47.1,36.1,35.2,15.7,25.7,31.6,70.6,29.4,68.4,68.2,51.7,46.9,34.9,31.5,10.8,8.7,58.0,58.9,68.0,32.0,55.0,45.0,67.569,77.594,80.572,1.824,44.201,69.7,71.2,1.108,0.899,33.017,6.9,6.0,51.0,2.0,4.0,113.0,29.0,93.0,250.0,90.0,2.0,95.0,203.0,203.0,95.0,202.0,123.0,47.0,128.0,52.0,91.0,139.0,38.0,343.0,62.0,303.0,10.0,354.0,170.0,102.0,119.0,242.0,63.0,281.0,138.0,64.0,2.0,24.0,17.7,113.9,96.2,0.875,457.0,284.0,173.0,62.14442013,51.8,48.5,33.9,32.1,17.3,18.5,31.9,71.8,28.2,68.1,68.3,51.8,48.3,34.6,32.6,10.4,9.1,55.7,52.2,62.4,37.6,62.6,37.4,68.4,77.588,80.916,2.096,48.607,72.4,71.7,1.09,0.998,33.401,1.2,68.1353,200.0,67.8617,148.0,110.141,79.0,108.662,134.0,104.075,152.0,105.674,163.0,2.98745,134.0,3.102,107.558,104.456,0.583,31.0,19.0,12.0,61.29032258,55.3,50.8,30.4,27.4,16.4,16.5,24.4,74.7,25.3,75.6,68.2,55.9,49.0,36.2,35.2,9.7,8.7,46.4,47.5,59.8,40.2,52.9,47.1,67.896,77.088,80.807,1.819,7.614,71.6,74.3,1.099,1.043,9.978,-7.4,138.0,137.0,154.0,138.0,19.0,197.0,252.0,51.0,143.0,213.0,304.0,38.0,38.0,304.0,202.0,18.0,116.0,52.0,272.0,152.0,139.0,273.0,101.0,260.0,104.0,2.0,361.0,146.0,185.0,90.0,247.0,206.0,206.0,314.0,87.0,160.0,300.0,-5.4,104.5,109.9,0.359,264.0,118.0,146.0,44.6969697,51.9,52.5,31.4,31.3,15.8,15.2,26.2,73.3,26.7,73.8,67.6,51.4,52.2,35.1,35.4,7.4,8.5,45.0,46.2,60.2,39.8,61.4,38.6,68.1,77.393,80.216,1.916,9.126,72.9,73.5,1.072,1.093,11.073,-11.6
2024,64,North Carolina,1,Wagner,16,North Carolina,9,71.4602,41.0,70.4477,41.0,113.459,31.0,117.796,24.0,97.8323,28.0,93.151,6.0,24.6454,9.0,23.59,116.784,93.194,0.931,34.0,27.0,7.0,79.41176471,51.3,46.4,36.8,28.3,14.4,14.9,32.8,76.5,23.5,67.2,71.4,50.3,46.0,35.4,31.4,10.2,9.6,51.5,40.6,64.1,35.9,63.9,36.1,70.367,77.172,81.126,2.174,88.407,75.4,74.4,1.136,0.98,30.665,6.6,12.0,26.0,8.0,9.0,145.0,18.0,80.0,74.0,33.0,310.0,67.0,10.0,10.0,67.0,46.0,176.0,25.0,101.0,47.0,125.0,217.0,149.0,7.0,147.0,219.0,237.0,130.0,46.0,164.0,64.0,133.0,2.0,55.0,318.0,30.0,29.0,43.0,12.0,111.7,99.7,0.787,492.0,282.0,210.0,57.31707317,51.5,49.9,31.4,29.8,15.7,16.7,28.5,72.6,27.4,71.5,68.4,51.1,49.8,34.7,33.4,10.1,9.0,50.7,49.5,62.5,37.5,62.1,37.9,68.4,77.897,81.078,1.653,62.324,73.8,73.1,1.083,1.037,27.996,-2.0,62.5685,361.0,61.253,361.0,97.4514,315.0,95.7835,334.0,99.3912,37.0,105.878,171.0,-10.0944,293.0,-10.014,95.002,105.016,0.24,29.0,14.0,15.0,48.27586207,44.6,48.4,26.8,29.9,15.9,17.0,29.5,73.0,27.0,70.5,62.6,42.8,50.9,31.6,29.9,7.1,9.7,54.9,59.2,61.8,38.2,58.8,41.2,61.28,76.232,78.931,1.596,0.2,70.7,67.7,0.973,0.994,8.04,-11.7,287.0,333.0,174.0,295.0,354.0,71.0,334.0,110.0,101.0,175.0,151.0,94.0,94.0,151.0,361.0,358.0,207.0,295.0,12.0,293.0,226.0,76.0,347.0,209.0,157.0,58.0,306.0,361.0,317.0,328.0,308.0,362.0,250.0,11.0,318.0,42.0,350.0,-14.2,96.0,110.2,0.17,265.0,106.0,159.0,40.0,48.2,50.7,30.3,31.9,18.1,18.3,26.3,69.6,30.4,73.7,68.6,47.9,50.7,32.4,33.8,9.3,10.1,53.7,56.4,61.1,38.9,61.0,39.0,68.5,76.308,79.301,1.82,1.807,69.8,69.6,0.981,1.041,8.775,-14.1
2024,64,Mississippi St.,8,Michigan St.,9,Michigan St.,10,68.8988,149.0,67.0503,202.0,108.114,118.0,113.678,60.0,100.035,55.0,95.6951,20.0,17.9825,30.0,17.693,112.623,94.93,0.877,34.0,21.0,13.0,61.76470588,51.7,47.7,37.9,32.4,18.7,18.2,35.4,72.4,27.6,64.6,68.9,53.4,50.2,32.5,29.4,9.1,10.6,52.8,48.3,61.8,38.2,58.9,41.1,67.159,76.879,80.786,2.241,43.205,67.2,75.1,1.081,0.999,32.154,0.8,30.0,61.0,19.0,30.0,125.0,48.0,57.0,172.0,292.0,103.0,21.0,113.0,113.0,21.0,152.0,64.0,175.0,251.0,6.0,182.0,288.0,116.0,122.0,209.0,157.0,63.0,304.0,197.0,225.0,93.0,112.0,67.0,327.0,336.0,116.0,55.0,31.0,14.6,114.3,99.7,0.828,460.0,273.0,187.0,59.34782609,51.3,49.1,36.4,34.7,15.9,16.8,32.1,69.7,30.3,67.9,70.2,51.7,48.9,33.8,32.9,11.9,10.2,51.6,49.9,61.4,38.6,62.1,37.9,69.5,77.634,81.16,2.079,49.572,73.4,73.1,1.107,1.049,30.667,-0.5,66.3965,288.0,65.1889,305.0,109.535,93.0,113.76,57.0,99.3536,36.0,93.7263,8.0,20.0339,18.0,19.451,112.729,93.278,0.898,33.0,19.0,14.0,57.57575758,51.5,48.0,29.9,32.6,14.7,18.7,29.9,71.3,28.7,70.1,66.4,50.5,47.1,35.9,32.8,12.0,7.7,60.0,54.9,69.8,30.2,58.7,41.3,65.272,77.257,80.882,2.07,67.335,70.6,71.4,1.097,0.989,34.196,0.21,25.0,60.0,9.0,23.0,140.0,61.0,264.0,182.0,44.0,73.0,140.0,168.0,168.0,140.0,293.0,169.0,50.0,69.0,117.0,48.0,63.0,17.0,288.0,37.0,327.0,56.0,307.0,303.0,154.0,86.0,164.0,14.0,254.0,148.0,93.0,35.0,13.0,15.9,114.3,98.4,0.849,460.0,270.0,190.0,58.69565217,51.6,49.3,34.8,31.5,15.9,16.8,30.3,71.2,28.8,69.7,68.3,51.3,48.3,34.8,33.9,9.8,8.9,54.3,51.6,64.4,35.6,64.8,35.2,68.3,77.912,81.161,1.982,57.333,72.6,72.6,1.096,1.036,32.658,0.01
2024,64,Saint Mary's,5,Grand Canyon,12,Grand Canyon,11,63.3514,355.0,61.9463,358.0,114.915,21.0,114.901,45.0,93.5732,3.0,95.0132,16.0,19.888,20.0,22.139,115.794,93.655,0.92,32.0,25.0,7.0,78.125,53.1,45.1,28.3,32.2,16.0,16.7,39.0,77.6,22.4,61.0,63.3,53.0,43.6,35.5,32.4,10.1,7.4,58.3,47.7,63.3,36.7,71.0,29.0,62.072,78.507,81.259,1.929,38.712,67.4,71.1,1.147,0.935,19.572,1.4,16.0,30.0,13.0,13.0,67.0,5.0,305.0,168.0,107.0,197.0,3.0,2.0,2.0,3.0,355.0,76.0,5.0,95.0,89.0,132.0,46.0,35.0,103.0,166.0,200.0,355.0,8.0,358.0,16.0,51.0,204.0,75.0,323.0,134.0,21.0,3.0,102.0,2.1,107.1,105.0,0.557,280.0,142.0,138.0,50.71428571,51.8,51.1,30.7,32.0,16.7,16.0,29.2,72.7,27.3,70.8,68.3,51.6,50.4,34.8,34.8,8.1,7.7,53.1,52.2,62.9,37.1,63.4,36.6,68.4,77.755,80.992,1.865,27.646,70.8,71.4,1.07,1.059,19.342,-7.4,69.3343,122.0,68.1093,134.0,112.74,40.0,113.478,63.0,95.7241,6.0,99.5638,51.0,13.9138,53.0,11.238,111.066,99.828,0.773,32.0,28.0,4.0,87.5,52.0,45.9,45.3,34.8,17.8,19.9,34.6,70.4,29.6,65.4,69.3,52.3,44.4,34.4,32.6,13.5,7.1,45.2,48.0,63.9,36.1,66.4,33.6,68.046,78.109,80.422,2.618,14.992,75.3,70.8,1.127,0.958,11.307,1.3,70.0,79.0,76.0,71.0,106.0,11.0,6.0,240.0,233.0,38.0,30.0,212.0,212.0,30.0,126.0,98.0,10.0,152.0,104.0,24.0,31.0,295.0,111.0,153.0,214.0,307.0,56.0,139.0,41.0,128.0,17.0,157.0,57.0,117.0,40.0,6.0,262.0,-1.9,102.7,104.6,0.448,336.0,164.0,172.0,48.80952381,49.0,49.7,38.2,37.6,18.9,18.9,29.8,70.1,29.9,70.2,69.8,48.9,49.3,32.8,33.6,9.0,9.4,50.7,51.2,66.4,33.6,66.8,33.2,69.3,76.968,79.998,2.035,6.625,71.5,71.6,1.019,1.027,13.566,-9.8
2024,64,Alabama,4,College of Charleston,13,Alabama,12,74.1625,7.0,72.6461,9.0,121.712,2.0,125.601,2.0,108.031,254.0,103.118,112.0,22.4828,13.0,23.114,125.159,102.045,0.913,32.0,21.0,11.0,65.625,56.3,49.9,35.2,39.6,16.0,15.6,34.9,70.1,29.9,65.1,74.2,57.6,51.1,36.5,31.9,10.2,12.5,51.5,45.1,53.2,46.8,63.3,36.7,72.507,78.211,82.48,2.094,27.836,78.4,74.3,1.213,1.084,36.254,3.4,13.0,4.0,119.0,15.0,11.0,149.0,115.0,319.0,107.0,279.0,27.0,220.0,220.0,27.0,7.0,10.0,217.0,41.0,67.0,125.0,349.0,149.0,46.0,345.0,19.0,209.0,164.0,13.0,33.0,8.0,156.0,106.0,10.0,314.0,2.0,263.0,7.0,14.6,114.3,99.7,0.828,460.0,273.0,187.0,59.34782609,51.3,49.1,36.4,34.7,15.9,16.8,32.1,69.7,30.3,67.9,70.2,51.7,48.9,33.8,32.9,11.9,10.2,51.6,49.9,61.4,38.6,62.1,37.9,69.5,77.634,81.16,2.079,49.572,73.4,73.1,1.107,1.049,30.667,-0.5,69.7286,100.0,69.7757,59.0,114.421,23.0,113.736,58.0,104.197,160.0,106.128,176.0,7.60727,98.0,8.116,113.335,105.219,0.702,33.0,26.0,7.0,78.78787879,52.4,50.6,26.9,28.3,14.3,16.4,33.5,73.4,26.6,66.5,69.7,52.6,50.5,34.8,33.8,8.2,10.0,53.6,42.8,52.9,47.1,63.1,36.9,69.952,77.503,81.18,1.788,5.524,72.2,70.6,1.144,1.043,11.135,-1.6,99.0,53.0,178.0,100.0,84.0,192.0,333.0,74.0,31.0,224.0,45.0,77.0,77.0,45.0,104.0,93.0,183.0,137.0,171.0,229.0,250.0,102.0,25.0,347.0,16.0,192.0,176.0,53.0,117.0,59.0,256.0,227.0,177.0,102.0,24.0,160.0,271.0,-3.5,104.3,107.8,0.406,440.0,211.0,229.0,47.95454545,50.1,51.0,30.4,29.4,16.2,16.0,29.3,70.4,29.6,70.7,66.9,49.9,50.8,33.5,34.2,8.6,9.2,49.5,49.8,60.8,39.2,61.0,39.0,67.6,77.371,79.873,1.899,10.733,71.9,72.2,1.056,1.074,12.433,-10.8
2024,64,Clemson,6,New Mexico,11,Clemson,13,67.5823,233.0,66.1056,260.0,113.635,29.0,117.426,27.0,104.781,178.0,100.489,67.0,16.9371,34.0,17.379,116.717,99.338,0.865,32.0,21.0,11.0,65.625,53.9,48.7,30.6,31.2,14.9,13.6,27.7,74.8,25.2,72.3,67.6,54.4,47.1,35.4,34.0,11.2,6.8,53.4,44.1,59.8,40.2,59.4,40.6,66.188,78.308,81.541,2.275,64.382,79.0,74.4,1.137,1.048,28.597,0.9,34.0,27.0,69.0,35.0,45.0,81.0,245.0,139.0,53.0,343.0,220.0,33.0,33.0,220.0,238.0,39.0,50.0,101.0,198.0,73.0,22.0,105.0,37.0,260.0,104.0,76.0,287.0,257.0,28.0,32.0,99.0,18.0,8.0,318.0,29.0,178.0,62.0,12.0,111.7,99.7,0.787,492.0,282.0,210.0,57.31707317,51.5,49.9,31.4,29.8,15.7,16.7,28.5,72.6,27.4,71.5,68.4,51.1,49.8,34.7,33.4,10.1,9.0,50.7,49.5,62.5,37.5,62.1,37.9,68.4,77.897,81.078,1.653,62.324,73.8,73.1,1.083,1.037,27.996,-2.0,72.4265,22.0,72.6803,8.0,112.623,41.0,115.411,41.0,98.1694,29.0,96.4738,23.0,18.9368,23.0,19.336,114.829,95.493,0.893,34.0,25.0,9.0,73.52941176,51.0,48.0,33.1,33.5,13.9,19.5,33.4,73.0,27.0,66.6,72.4,51.4,49.2,33.4,30.6,13.5,9.6,49.3,54.2,70.2,29.8,63.4,36.6,72.766,77.055,80.945,1.908,55.824,71.8,74.0,1.126,0.98,23.773,1.7,26.0,39.0,23.0,26.0,156.0,61.0,167.0,210.0,15.0,49.0,50.0,94.0,94.0,50.0,23.0,136.0,126.0,209.0,24.0,24.0,217.0,204.0,272.0,31.0,333.0,215.0,153.0,7.0,194.0,77.0,212.0,40.0,198.0,306.0,42.0,29.0,87.0,8.9,110.5,101.6,0.724,344.0,197.0,147.0,57.26744186,52.1,50.5,34.5,32.5,16.3,17.1,28.2,71.7,28.3,71.8,67.0,52.7,51.0,34.0,33.0,9.9,9.3,53.3,51.6,62.7,37.3,62.4,37.6,67.6,77.427,80.341,2.141,26.222,72.2,72.2,1.082,1.048,24.53,-3.3
2024,64,Baylor,3,Colgate,14,Baylor,14,66.8428,270.0,65.6032,281.0,117.262,15.0,122.49,6.0,104.166,157.0,100.185,64.0,22.305,14.0,22.309,122.209,99.9,0.91,32.0,22.0,10.0,68.75,55.6,51.3,40.5,30.9,17.7,17.1,35.1,72.9,27.1,64.9,66.8,53.4,51.9,39.4,33.5,8.5,9.8,53.9,52.9,61.7,38.3,64.5,35.5,65.735,78.257,81.747,1.617,58.436,74.0,73.0,1.171,1.042,37.902,5.1,15.0,6.0,78.0,17.0,16.0,233.0,21.0,132.0,223.0,165.0,25.0,98.0,98.0,25.0,273.0,64.0,249.0,7.0,154.0,216.0,233.0,92.0,246.0,213.0,153.0,254.0,112.0,274.0,31.0,22.0,304.0,34.0,97.0,254.0,15.0,155.0,1.0,17.7,113.9,96.2,0.875,457.0,284.0,173.0,62.14442013,51.8,48.5,33.9,32.1,17.3,18.5,31.9,71.8,28.2,68.1,68.3,51.8,48.3,34.6,32.6,10.4,9.1,55.7,52.2,62.4,37.6,62.6,37.4,68.4,77.588,80.916,2.096,48.607,72.4,71.7,1.09,0.998,33.401,1.2,66.1152,302.0,66.2225,253.0,106.356,151.0,104.65,211.0,96.8562,16.0,102.5,104.0,2.15009,145.0,0.445,102.289,101.844,0.513,33.0,24.0,9.0,72.72727273,53.4,47.2,27.6,24.5,16.3,16.1,25.0,75.5,24.5,75.0,66.1,53.3,48.7,35.7,29.9,9.8,7.3,56.6,52.9,61.7,38.3,60.4,39.6,66.194,77.926,81.273,1.902,0.2,68.0,67.0,1.062,0.968,11.19,-4.1,159.0,226.0,111.0,159.0,55.0,33.0,318.0,13.0,133.0,248.0,298.0,21.0,21.0,298.0,304.0,68.0,102.0,83.0,12.0,151.0,40.0,55.0,246.0,213.0,153.0,102.0,266.0,256.0,60.0,48.0,214.0,362.0,315.0,5.0,156.0,16.0,268.0,-12.3,97.3,109.6,0.203,313.0,125.0,188.0,39.93610224,48.9,50.8,28.8,31.3,17.6,16.7,26.3,73.5,26.5,73.7,65.3,48.5,50.2,33.0,34.4,8.8,9.7,53.4,53.0,60.0,40.0,60.3,39.7,66.4,76.55,79.974,1.647,1.133,69.2,70.5,0.996,1.04,8.491,-15.0
2024,64,Dayton,7,Nevada,10,Dayton,15,64.5594,348.0,64.1776,337.0,115.089,20.0,118.601,18.0,102.217,102.0,101.304,87.0,17.2975,32.0,16.782,117.426,100.644,0.855,31.0,24.0,7.0,77.41935484,56.6,47.9,37.2,21.8,15.8,15.7,26.9,71.0,29.0,73.1,64.6,53.7,48.2,40.2,31.7,11.3,10.0,58.3,50.7,55.5,44.5,59.6,40.4,63.987,76.937,80.705,2.205,32.899,73.4,73.3,1.153,1.022,23.183,2.6,39.0,22.0,92.0,40.0,9.0,51.0,72.0,3.0,95.0,276.0,257.0,181.0,181.0,257.0,349.0,51.0,83.0,3.0,56.0,67.0,250.0,35.0,182.0,334.0,32.0,79.0,284.0,338.0,208.0,103.0,121.0,88.0,116.0,270.0,19.0,103.0,88.0,5.6,108.1,102.5,0.648,481.0,272.0,209.0,56.54885655,51.3,49.3,33.6,32.3,16.7,16.8,28.3,71.7,28.3,71.7,67.6,50.7,48.5,34.9,33.7,10.7,10.2,52.9,51.6,60.2,39.8,61.2,38.8,68.0,77.133,80.264,1.884,18.386,72.2,71.8,1.067,1.035,18.353,-5.8,67.0488,265.0,66.6449,233.0,112.943,37.0,115.55,40.0,100.063,57.0,98.7358,36.0,16.814,36.0,17.017,115.049,98.032,0.863,32.0,25.0,7.0,78.125,53.3,48.2,46.2,34.3,15.0,17.3,27.5,72.8,27.2,72.5,67.0,52.6,49.1,36.5,31.3,11.2,6.7,58.1,54.9,66.4,33.6,59.0,41.0,66.764,77.925,80.208,2.436,28.02,72.3,69.7,1.128,1.001,22.983,2.7,36.0,36.0,39.0,37.0,60.0,66.0,3.0,227.0,58.0,153.0,233.0,102.0,102.0,233.0,268.0,93.0,121.0,41.0,41.0,73.0,20.0,37.0,288.0,89.0,277.0,67.0,299.0,224.0,61.0,164.0,50.0,104.0,171.0,60.0,39.0,58.0,89.0,8.9,110.5,101.6,0.724,344.0,197.0,147.0,57.26744186,52.1,50.5,34.5,32.5,16.3,17.1,28.2,71.7,28.3,71.8,67.0,52.7,51.0,34.0,33.0,9.9,9.3,53.3,51.6,62.7,37.3,62.4,37.6,67.6,77.427,80.341,2.141,26.222,72.2,72.2,1.082,1.048,24.53,-3.3
2024,64,Arizona,2,Long Beach St.,15,Arizona,16,73.376,11.0,71.8379,16.0,117.653,10.0,121.125,8.0,96.9086,17.0,94.5013,12.0,26.6237,6.0,27.901,121.52,93.619,0.953,33.0,25.0,8.0,75.75757576,55.0,48.7,36.7,25.7,16.1,18.1,36.3,76.9,23.1,63.7,73.4,54.6,47.8,37.1,33.4,9.0,8.6,59.1,52.6,67.4,32.6,61.8,38.2,72.043,78.063,81.464,1.963,76.342,71.9,71.1,1.178,0.967,29.931,4.9,5.0,7.0,12.0,6.0,26.0,81.0,83.0,22.0,112.0,110.0,16.0,7.0,7.0,16.0,11.0,35.0,68.0,23.0,149.0,187.0,124.0,27.0,238.0,69.0,294.0,149.0,219.0,16.0,50.0,37.0,196.0,7.0,195.0,134.0,8.0,14.0,47.0,12.0,111.5,99.5,0.787,391.0,215.0,176.0,54.98721228,51.8,50.1,32.6,30.8,16.6,16.7,28.7,72.6,27.4,71.3,69.4,51.5,49.6,34.8,34.0,9.6,8.4,52.6,50.6,64.1,35.9,63.0,37.0,69.0,78.223,81.517,1.943,54.262,71.4,71.0,1.073,1.036,28.096,-2.7,71.8207,36.0,71.1635,29.0,106.212,155.0,107.857,145.0,105.197,186.0,107.862,210.0,-0.00456917,163.0,-2.567,105.389,107.956,0.431,33.0,19.0,14.0,57.57575758,48.9,51.2,38.1,32.6,17.1,18.5,33.3,70.4,29.6,66.7,71.9,49.7,50.0,31.3,35.1,12.6,5.9,55.1,59.0,71.7,28.3,56.4,43.6,71.405,77.131,80.347,2.22,11.174,71.0,72.4,1.058,1.049,12.603,-8.0,193.0,174.0,233.0,192.0,258.0,220.0,54.0,182.0,189.0,92.0,53.0,212.0,212.0,53.0,35.0,211.0,164.0,307.0,264.0,35.0,6.0,74.0,344.0,17.0,348.0,18.0,345.0,23.0,174.0,143.0,118.0,173.0,231.0,219.0,168.0,180.0,222.0,-3.2,102.6,105.8,0.413,342.0,168.0,174.0,49.12280702,49.5,49.8,35.4,36.1,17.6,17.4,28.7,71.5,28.5,71.3,68.4,49.5,49.5,33.0,33.5,8.4,8.2,48.7,50.0,66.2,33.8,64.9,35.1,68.4,77.262,80.183,2.091,8.247,72.4,72.3,1.034,1.039,12.009,-10.5
2024,64,Houston,1,Longwood,16,Houston,17,64.1588,351.0,63.2681,348.0,113.057,34.0,118.868,17.0,88.2881,1.0,87.1492,2.0,31.7188,2.0,33.697,119.216,85.519,0.979,34.0,30.0,4.0,88.23529412,49.7,44.0,29.9,39.0,13.7,24.7,36.9,69.8,30.2,63.1,64.2,48.4,43.4,34.7,30.0,16.1,7.4,49.1,60.2,63.4,36.6,59.1,40.9,63.328,75.893,78.793,2.28,63.543,69.4,67.0,1.13,0.881,34.485,10.6,1.0,15.0,1.0,1.0,232.0,2.0,264.0,309.0,10.0,3.0,12.0,232.0,232.0,12.0,351.0,263.0,4.0,141.0,14.0,2.0,46.0,207.0,357.0,162.0,201.0,70.0,295.0,349.0,343.0,338.0,97.0,20.0,289.0,5.0,36.0,1.0,11.0,17.7,113.9,96.2,0.875,457.0,284.0,173.0,62.14442013,51.8,48.5,33.9,32.1,17.3,18.5,31.9,71.8,28.2,68.1,68.3,51.8,48.3,34.6,32.6,10.4,9.1,55.7,52.2,62.4,37.6,62.6,37.4,68.4,77.588,80.916,2.096,48.607,72.4,71.7,1.09,0.998,33.401,1.2,67.8933,215.0,66.7619,227.0,107.318,132.0,105.712,188.0,101.377,81.0,104.753,146.0,0.95941,157.0,-0.867,103.961,104.828,0.476,31.0,18.0,13.0,58.06451613,49.4,51.3,39.5,36.1,18.0,19.6,36.7,74.5,25.5,63.3,68.0,48.6,50.9,34.2,34.6,7.2,7.2,48.0,49.3,71.7,28.3,60.5,39.5,66.81,77.071,79.691,2.323,17.521,68.8,70.1,1.068,1.009,9.715,-8.6,170.0,202.0,167.0,170.0,244.0,233.0,32.0,271.0,248.0,46.0,13.0,49.0,49.0,13.0,214.0,258.0,207.0,164.0,238.0,288.0,36.0,244.0,143.0,17.0,348.0,107.0,260.0,220.0,189.0,243.0,85.0,143.0,299.0,79.0,143.0,76.0,309.0,-3.5,104.3,107.8,0.406,266.0,127.0,139.0,47.7443609,50.3,50.8,37.4,37.1,17.1,16.7,29.8,70.3,29.7,70.2,68.1,49.9,51.3,34.0,33.4,8.3,8.9,46.3,46.6,64.2,35.8,64.0,36.0,68.1,76.79,79.666,2.237,8.169,70.6,71.9,1.057,1.071,12.148,-10.4
2024,64,Nebraska,8,Texas A&M,9,Texas A&M,18,69.2526,125.0,68.6104,103.0,110.955,63.0,115.866,36.0,100.262,60.0,97.6744,30.0,18.1912,28.0,20.096,115.671,95.575,0.9,33.0,23.0,10.0,69.6969697,53.2,46.3,32.4,27.7,15.9,16.4,27.8,70.0,30.0,72.2,69.3,52.8,45.2,35.8,31.9,7.2,10.8,57.1,52.5,55.5,44.5,58.3,41.7,68.655,77.428,80.383,2.43,27.887,75.4,69.9,1.108,1.001,29.05,2.4,24.0,32.0,24.0,22.0,64.0,15.0,193.0,58.0,101.0,224.0,219.0,226.0,226.0,219.0,126.0,81.0,14.0,74.0,67.0,288.0,296.0,46.0,236.0,334.0,32.0,49.0,314.0,105.0,132.0,138.0,53.0,105.0,55.0,70.0,64.0,58.0,54.0,15.9,114.3,98.4,0.849,460.0,270.0,190.0,58.69565217,51.6,49.3,34.8,31.5,15.9,16.8,30.3,71.2,28.8,69.7,68.3,51.3,48.3,34.8,33.9,9.8,8.9,54.3,51.6,64.4,35.6,64.8,35.2,68.3,77.912,81.161,1.982,57.333,72.6,72.6,1.096,1.036,32.658,0.01,67.4371,249.0,65.8429,269.0,110.767,66.0,115.996,31.0,104.483,168.0,99.8885,57.0,16.108,44.0,16.089,115.004,98.915,0.85,34.0,20.0,14.0,58.82352941,45.4,50.1,38.2,31.2,14.2,16.9,41.9,72.0,28.0,58.1,67.4,47.0,49.5,28.4,33.9,8.9,13.6,44.5,59.9,61.9,38.1,55.1,44.9,65.555,77.138,79.734,2.393,55.263,70.9,70.7,1.105,1.046,33.304,0.25,43.0,37.0,58.0,43.0,345.0,164.0,51.0,139.0,26.0,185.0,1.0,132.0,132.0,1.0,255.0,305.0,144.0,353.0,182.0,190.0,360.0,312.0,351.0,205.0,161.0,12.0,352.0,286.0,171.0,239.0,62.0,43.0,236.0,112.0,75.0,172.0,21.0,14.6,114.3,99.7,0.828,460.0,273.0,187.0,59.34782609,51.3,49.1,36.4,34.7,15.9,16.8,32.1,69.7,30.3,67.9,70.2,51.7,48.9,33.8,32.9,11.9,10.2,51.6,49.9,61.4,38.6,62.1,37.9,69.5,77.634,81.16,2.079,49.572,73.4,73.1,1.107,1.049,30.667,-0.5
2024,64,Wisconsin,5,James Madison,12,James Madison,19,65.7697,316.0,65.1538,307.0,113.142,33.0,120.06,13.0,104.746,176.0,99.4602,47.0,20.6003,17.0,21.028,119.811,98.783,0.902,35.0,22.0,13.0,62.85714286,52.4,52.2,33.5,33.2,14.6,16.9,30.5,75.5,24.5,69.5,65.8,52.6,50.4,34.8,37.1,4.5,10.7,47.7,47.2,64.6,35.4,65.6,34.4,64.959,78.442,82.072,1.974,52.194,75.9,72.5,1.129,1.052,37.153,3.3,18.0,13.0,54.0,19.0,84.0,277.0,160.0,198.0,41.0,185.0,120.0,21.0,21.0,120.0,316.0,93.0,178.0,137.0,346.0,356.0,291.0,250.0,94.0,136.0,228.0,287.0,77.0,312.0,20.0,12.0,192.0,50.0,40.0,226.0,38.0,188.0,4.0,15.9,114.3,98.4,0.849,460.0,270.0,190.0,58.69565217,51.6,49.3,34.8,31.5,15.9,16.8,30.3,71.2,28.8,69.7,68.3,51.3,48.3,34.8,33.9,9.8,8.9,54.3,51.6,64.4,35.6,64.8,35.2,68.3,77.912,81.161,1.982,57.333,72.6,72.6,1.096,1.036,32.658,0.01,71.1256,51.0,69.4753,71.0,115.358,19.0,113.858,56.0,96.5285,11.0,100.958,79.0,12.9001,59.0,11.554,111.935,100.381,0.778,33.0,30.0,3.0,90.90909091,54.4,46.7,34.2,35.1,14.7,19.8,32.0,72.4,27.6,68.0,71.1,54.2,48.8,36.5,28.6,7.6,8.9,54.3,42.0,61.9,38.1,64.9,35.1,69.763,77.286,79.864,2.428,3.831,70.5,73.1,1.152,0.965,9.457,1.5,67.0,64.0,88.0,69.0,36.0,27.0,138.0,248.0,44.0,42.0,84.0,113.0,113.0,84.0,53.0,41.0,106.0,41.0,2.0,268.0,158.0,85.0,18.0,205.0,161.0,272.0,95.0,62.0,149.0,223.0,55.0,256.0,258.0,260.0,20.0,12.0,320.0,-2.6,103.7,106.3,0.429,432.0,205.0,227.0,47.4537037,49.6,49.9,32.7,34.9,17.0,17.0,29.9,69.9,30.1,70.1,70.1,49.4,49.8,33.4,33.3,9.6,9.5,47.0,47.9,64.0,36.0,63.7,36.3,69.4,76.981,80.045,2.084,11.173,70.7,71.3,1.044,1.055,12.814,-10.6
2024,64,Duke,4,Vermont,13,Duke,20,67.7309,224.0,66.6784,231.0,118.229,7.0,121.827,7.0,99.4864,41.0,96.9502,26.0,24.8767,8.0,23.968,120.797,96.829,0.927,32.0,24.0,8.0,75.0,55.2,49.0,33.8,27.6,14.3,16.9,31.8,74.1,25.9,68.2,67.8,54.4,49.1,37.7,32.6,9.8,11.8,53.8,50.7,62.6,37.4,64.5,35.5,66.864,78.244,82.287,1.152,91.61,72.2,69.0,1.178,0.995,26.968,3.3,11.0,9.0,30.0,11.0,21.0,96.0,148.0,56.0,31.0,185.0,89.0,57.0,57.0,89.0,223.0,39.0,121.0,17.0,104.0,151.0,338.0,97.0,182.0,182.0,183.0,254.0,112.0,217.0,32.0,10.0,351.0,1.0,177.0,32.0,8.0,45.0,75.0,12.0,111.7,99.7,0.787,492.0,282.0,210.0,57.31707317,51.5,49.9,31.4,29.8,15.7,16.7,28.5,72.6,27.4,71.5,68.4,51.1,49.8,34.7,33.4,10.1,9.0,50.7,49.5,62.5,37.5,62.1,37.9,68.4,77.897,81.078,1.653,62.324,73.8,73.1,1.083,1.037,27.996,-2.0,65.4814,326.0,63.2333,349.0,107.533,125.0,107.122,159.0,97.2349,19.0,100.145,62.0,6.9772,104.0,5.839,104.523,98.684,0.659,32.0,26.0,6.0,81.25,51.8,46.7,29.7,25.9,13.8,15.1,22.4,76.7,23.3,77.6,65.6,53.1,46.4,33.5,31.5,10.9,10.6,52.1,43.2,55.9,44.1,63.5,36.5,63.308,76.92,79.286,2.309,4.273,72.3,72.5,1.074,0.97,10.22,-1.2,112.0,191.0,52.0,110.0,120.0,27.0,268.0,27.0,13.0,304.0,346.0,8.0,8.0,346.0,324.0,73.0,34.0,202.0,52.0,85.0,288.0,135.0,28.0,328.0,35.0,219.0,147.0,350.0,214.0,300.0,88.0,253.0,171.0,226.0,130.0,18.0,293.0,-5.2,101.4,106.6,0.36,270.0,133.0,137.0,49.25925926,49.6,49.2,30.7,31.8,16.8,16.1,26.0,72.0,28.0,74.0,71.0,50.5,50.2,32.1,31.6,9.6,10.1,47.3,47.1,63.3,36.7,64.8,35.2,70.2,76.776,79.091,2.147,6.236,71.3,71.2,1.02,1.034,11.337,-10.4
2024,64,Texas Tech,6,North Carolina St.,11,North Carolina St.,21,67.21,258.0,66.6408,234.0,111.985,51.0,117.943,23.0,102.629,110.0,99.3985,45.0,18.5448,24.0,19.079,117.537,98.458,0.885,33.0,23.0,10.0,69.6969697,52.8,49.1,34.6,26.6,16.5,17.0,30.2,69.7,30.3,69.8,67.2,51.5,49.6,36.5,32.1,7.0,10.1,55.9,46.8,58.9,41.1,61.0,39.0,66.428,76.429,79.654,2.079,50.406,77.8,71.0,1.12,1.028,32.55,3.4,28.0,21.0,47.0,28.0,71.0,101.0,131.0,33.0,152.0,175.0,129.0,238.0,238.0,129.0,260.0,133.0,146.0,41.0,77.0,298.0,260.0,65.0,74.0,283.0,82.0,117.0,247.0,245.0,301.0,252.0,161.0,53.0,18.0,128.0,50.0,118.0,29.0,17.7,113.9,96.2,0.875,457.0,284.0,173.0,62.14442013,51.8,48.5,33.9,32.1,17.3,18.5,31.9,71.8,28.2,68.1,68.3,51.8,48.3,34.6,32.6,10.4,9.1,55.7,52.2,62.4,37.6,62.6,37.4,68.4,77.588,80.916,2.096,48.607,72.4,71.7,1.09,0.998,33.401,1.2,68.9,148.0,68.0599,137.0,109.748,90.0,114.385,47.0,104.556,169.0,101.329,89.0,13.056,58.0,12.835,113.979,101.144,0.798,36.0,22.0,14.0,61.11111111,50.7,50.5,32.5,31.9,13.7,17.9,28.6,70.7,29.3,71.4,68.9,50.1,49.5,34.6,34.9,9.3,7.7,46.1,48.4,66.5,33.5,64.7,35.3,67.887,77.049,80.48,2.403,48.869,73.4,73.2,1.098,1.045,28.902,-0.6,60.0,47.0,98.0,64.0,176.0,187.0,192.0,159.0,10.0,123.0,185.0,196.0,196.0,185.0,152.0,189.0,144.0,145.0,252.0,168.0,63.0,276.0,124.0,85.0,280.0,263.0,105.0,147.0,195.0,126.0,59.0,58.0,116.0,265.0,90.0,169.0,57.0,12.0,111.7,99.7,0.787,492.0,282.0,210.0,57.31707317,51.5,49.9,31.4,29.8,15.7,16.7,28.5,72.6,27.4,71.5,68.4,51.1,49.8,34.7,33.4,10.1,9.0,50.7,49.5,62.5,37.5,62.1,37.9,68.4,77.897,81.078,1.653,62.324,73.8,73.1,1.083,1.037,27.996,-2.0
2024,64,Kentucky,3,Oakland,14,Oakland,22,74.0625,8.0,72.636,11.0,119.233,5.0,122.742,5.0,106.076,211.0,102.724,108.0,20.018,19.0,20.769,123.011,102.242,0.893,32.0,23.0,9.0,71.875,57.4,49.5,30.4,33.4,14.2,16.0,28.9,69.8,30.2,71.1,74.1,54.7,49.8,41.2,32.6,16.1,8.9,54.6,51.9,62.7,37.3,60.1,39.9,72.505,78.77,82.02,0.982,73.978,77.3,72.0,1.194,1.064,29.177,2.9,20.0,5.0,123.0,26.0,4.0,125.0,252.0,205.0,26.0,255.0,174.0,232.0,232.0,174.0,8.0,34.0,153.0,1.0,104.0,2.0,158.0,81.0,219.0,179.0,187.0,89.0,277.0,14.0,9.0,14.0,358.0,8.0,24.0,188.0,5.0,220.0,53.0,14.6,114.3,99.7,0.828,460.0,273.0,187.0,59.34782609,51.3,49.1,36.4,34.7,15.9,16.8,32.1,69.7,30.3,67.9,70.2,51.7,48.9,33.8,32.9,11.9,10.2,51.6,49.9,61.4,38.6,62.1,37.9,69.5,77.634,81.16,2.079,49.572,73.4,73.1,1.107,1.049,30.667,-0.5,68.1725,198.0,66.6629,232.0,110.679,70.0,108.593,135.0,105.581,196.0,105.776,165.0,2.81743,137.0,3.176,107.819,104.643,0.585,34.0,23.0,11.0,67.64705882,52.1,50.6,30.9,26.8,16.2,16.3,30.6,71.4,28.6,69.4,68.2,51.8,50.5,35.1,33.9,7.9,8.0,53.3,62.4,59.2,40.8,59.3,40.7,66.769,76.451,78.86,2.571,7.281,75.8,73.5,1.104,1.053,15.066,-4.2,137.0,131.0,163.0,137.0,99.0,192.0,239.0,37.0,121.0,231.0,117.0,162.0,162.0,117.0,202.0,117.0,183.0,119.0,182.0,255.0,85.0,107.0,362.0,273.0,93.0,75.0,290.0,223.0,292.0,334.0,21.0,208.0,44.0,280.0,76.0,193.0,156.0,-6.3,103.7,110.0,0.337,341.0,157.0,184.0,46.04105572,51.2,52.4,31.5,32.3,17.4,17.5,30.3,68.7,31.3,69.7,69.2,52.2,53.3,33.0,33.9,8.3,8.8,49.4,53.0,62.6,37.4,62.3,37.7,68.9,76.512,79.392,2.051,5.578,72.9,72.9,1.066,1.088,11.683,-11.6
2024,64,Florida,7,Colorado,10,Colorado,23,72.9572,16.0,71.6913,18.0,114.641,22.0,119.317,14.0,105.628,198.0,101.129,83.0,18.1884,29.0,20.355,119.659,99.304,0.895,35.0,24.0,11.0,68.57142857,51.5,48.8,38.6,34.2,15.8,14.5,37.5,71.1,28.9,62.5,73.0,51.7,49.0,34.2,32.2,12.1,9.6,50.2,41.0,65.5,34.5,67.3,32.7,71.575,78.508,82.595,1.707,30.164,71.2,70.6,1.146,1.057,31.29,3.0,23.0,14.0,68.0,24.0,140.0,84.0,44.0,223.0,95.0,321.0,7.0,174.0,174.0,7.0,16.0,123.0,116.0,164.0,82.0,45.0,217.0,184.0,10.0,105.0,259.0,323.0,41.0,20.0,15.0,3.0,285.0,99.0,225.0,102.0,22.0,203.0,36.0,14.6,114.3,99.7,0.828,460.0,273.0,187.0,59.34782609,51.3,49.1,36.4,34.7,15.9,16.8,32.1,69.7,30.3,67.9,70.2,51.7,48.9,33.8,32.9,11.9,10.2,51.6,49.9,61.4,38.6,62.1,37.9,69.5,77.634,81.16,2.079,49.572,73.4,73.1,1.107,1.049,30.667,-0.5,69.0823,137.0,67.5085,165.0,113.528,30.0,117.579,25.0,101.908,93.0,99.1127,42.0,18.4666,26.0,19.175,117.194,98.019,0.886,34.0,24.0,10.0,70.58823529,55.3,49.3,35.3,28.1,18.1,15.2,32.4,76.0,24.0,67.6,69.1,53.6,50.1,39.4,31.9,5.5,9.3,56.1,43.3,69.6,30.4,64.7,35.3,67.688,78.711,81.561,2.2,38.964,77.8,70.7,1.135,1.019,26.08,1.7,27.0,25.0,38.0,27.0,19.0,113.0,110.0,67.0,262.0,298.0,75.0,14.0,14.0,75.0,142.0,55.0,169.0,7.0,67.0,348.0,189.0,63.0,29.0,41.0,324.0,263.0,105.0,160.0,11.0,29.0,125.0,74.0,18.0,112.0,31.0,94.0,80.0,12.0,111.5,99.5,0.787,391.0,215.0,176.0,54.98721228,51.8,50.1,32.6,30.8,16.6,16.7,28.7,72.6,27.4,71.3,69.4,51.5,49.6,34.8,34.0,9.6,8.4,52.6,50.6,64.1,35.9,63.0,37.0,69.0,78.223,81.517,1.943,54.262,71.4,71.0,1.073,1.036,28.096,-2.7
2024,64,Marquette,2,Western Kentucky,15,Marquette,24,69.3264,123.0,68.9774,91.0,112.444,45.0,118.294,21.0,100.601,67.0,95.5576,19.0,22.7369,12.0,24.325,118.92,94.595,0.933,34.0,25.0,9.0,73.52941176,55.1,49.7,25.6,28.2,14.3,21.1,26.0,69.2,30.8,74.0,69.3,56.0,49.2,35.8,33.6,9.8,8.4,54.3,59.2,59.5,40.5,56.9,43.1,69.064,78.072,81.653,1.872,57.136,71.5,75.3,1.126,1.002,37.073,6.5,8.0,19.0,17.0,8.0,23.0,134.0,344.0,68.0,31.0,20.0,279.0,273.0,273.0,279.0,126.0,17.0,126.0,74.0,159.0,151.0,110.0,85.0,347.0,267.0,98.0,23.0,340.0,86.0,48.0,25.0,224.0,37.0,210.0,337.0,42.0,60.0,5.0,14.8,113.6,98.8,0.833,360.0,203.0,157.0,56.38888889,51.9,49.7,29.8,27.8,16.4,16.5,30.1,71.5,28.5,69.9,68.1,51.9,49.0,34.6,33.9,10.4,10.0,55.0,52.6,60.8,39.2,62.5,37.5,68.3,77.722,80.772,2.102,50.583,74.8,73.7,1.09,1.042,33.917,-0.46,75.4183,1.0,75.1443,1.0,104.938,187.0,105.552,191.0,98.5188,32.0,102.489,103.0,3.06263,132.0,3.401,105.196,101.795,0.593,30.0,19.0,11.0,63.33333333,51.9,48.3,32.9,33.4,18.3,18.6,28.5,73.3,26.7,71.5,75.4,52.1,48.3,34.4,32.2,8.5,9.7,44.5,48.1,69.0,31.0,59.9,40.1,75.058,77.312,80.009,2.412,32.318,71.9,68.5,1.049,0.985,9.879,-6.6,132.0,175.0,108.0,132.0,113.0,69.0,177.0,205.0,277.0,83.0,192.0,82.0,82.0,192.0,2.0,105.0,87.0,152.0,82.0,216.0,226.0,312.0,113.0,47.0,317.0,81.0,283.0,1.0,145.0,192.0,56.0,89.0,195.0,23.0,189.0,32.0,302.0,-1.4,102.3,103.7,0.461,270.0,129.0,141.0,47.77777778,49.4,50.3,34.6,35.9,19.0,19.2,29.1,71.0,29.0,70.9,68.9,49.1,49.8,33.3,34.1,9.3,9.7,48.1,48.5,63.8,36.2,63.7,36.3,68.7,76.755,79.895,2.291,12.762,69.4,70.7,1.011,1.023,13.178,-10.0
2024,64,Purdue,1,Grambling St.,16,Purdue,25,68.986,144.0,67.3784,175.0,119.453,4.0,124.988,4.0,100.728,71.0,95.87,21.0,29.1183,3.0,31.493,126.212,94.719,0.964,33.0,29.0,4.0,87.87878788,56.0,47.7,42.8,23.0,16.5,14.0,37.4,75.3,24.7,62.6,69.0,53.2,48.1,40.8,31.4,9.6,6.0,64.5,55.1,65.0,35.0,62.8,37.2,67.599,78.09,83.245,1.864,52.594,72.1,72.4,1.196,1.006,36.076,11.0,3.0,2.0,18.0,3.0,13.0,48.0,10.0,10.0,152.0,338.0,8.0,26.0,26.0,8.0,147.0,71.0,77.0,2.0,47.0,158.0,7.0,4.0,295.0,120.0,247.0,179.0,189.0,168.0,43.0,1.0,225.0,49.0,182.0,219.0,4.0,67.0,8.0,15.9,114.3,98.4,0.849,460.0,270.0,190.0,58.69565217,51.6,49.3,34.8,31.5,15.9,16.8,30.3,71.2,28.8,69.7,68.3,51.3,48.3,34.8,33.9,9.8,8.9,54.3,51.6,64.4,35.6,64.8,35.2,68.3,77.912,81.161,1.982,57.333,72.6,72.6,1.096,1.036,32.658,0.01,66.2915,294.0,64.8232,314.0,97.5516,313.0,99.2736,297.0,102.899,117.0,107.084,197.0,-7.80999,267.0,-8.337,97.672,106.009,0.281,31.0,17.0,14.0,54.83870968,48.2,49.1,39.6,33.9,20.5,19.0,28.1,67.3,32.7,71.9,66.5,47.0,48.4,34.1,33.7,8.3,7.9,40.6,55.1,70.2,29.8,66.6,33.4,64.9,76.762,80.211,2.34,12.502,70.6,73.8,0.971,1.027,15.298,-8.0,270.0,306.0,191.0,272.0,275.0,101.0,31.0,221.0,340.0,61.0,209.0,327.0,327.0,209.0,285.0,305.0,94.0,173.0,164.0,221.0,75.0,352.0,295.0,31.0,333.0,310.0,55.0,313.0,243.0,163.0,79.0,168.0,254.0,292.0,320.0,115.0,155.0,-14.3,96.1,110.4,0.169,361.0,134.0,227.0,37.11911357,46.7,51.4,36.0,40.7,19.6,19.1,29.4,67.7,32.3,70.6,69.6,46.1,51.1,31.9,34.6,8.5,9.5,48.1,54.6,66.8,33.2,62.6,37.4,69.1,76.232,79.305,2.261,2.864,71.3,72.0,0.969,1.068,14.123,-13.4
2024,64,Utah St.,8,TCU,9,Utah St.,26,69.0912,136.0,68.5319,107.0,112.576,42.0,115.617,39.0,101.866,92.0,100.502,68.0,15.1147,48.0,13.786,114.15,100.364,0.815,31.0,25.0,6.0,80.64516129,54.1,49.6,40.0,30.4,15.7,16.4,28.5,74.6,25.4,71.5,69.1,57.1,53.1,32.1,29.0,11.1,5.9,56.4,49.0,66.6,33.4,63.3,36.7,68.51,77.278,80.736,1.918,21.975,71.2,72.0,1.125,1.02,22.529,3.3,54.0,44.0,87.0,58.0,43.0,129.0,26.0,120.0,90.0,224.0,192.0,40.0,40.0,192.0,142.0,12.0,304.0,273.0,3.0,78.0,6.0,58.0,140.0,82.0,282.0,209.0,164.0,109.0,150.0,99.0,207.0,123.0,225.0,188.0,44.0,96.0,91.0,8.9,110.5,101.6,0.724,344.0,197.0,147.0,57.26744186,52.1,50.5,34.5,32.5,16.3,17.1,28.2,71.7,28.3,71.8,67.0,52.7,51.0,34.0,33.0,9.9,9.3,53.3,51.6,62.7,37.3,62.4,37.6,67.6,77.427,80.341,2.141,26.222,72.2,72.2,1.082,1.048,24.53,-3.3,70.6411,62.0,69.6651,63.0,110.06,83.0,115.101,44.0,99.7082,48.0,97.8088,31.0,17.2923,33.0,17.392,114.5,97.108,0.869,33.0,21.0,12.0,63.63636364,51.9,50.3,35.1,35.7,17.9,20.8,35.5,71.4,28.6,64.5,70.6,51.2,50.9,35.6,32.8,10.2,8.7,59.5,56.4,69.8,30.2,64.8,35.2,69.889,78.079,80.801,2.75,53.769,73.0,69.9,1.106,0.994,32.604,1.3,33.0,40.0,31.0,33.0,113.0,174.0,119.0,259.0,241.0,23.0,20.0,162.0,162.0,20.0,65.0,148.0,207.0,89.0,117.0,125.0,139.0,21.0,317.0,37.0,327.0,267.0,99.0,54.0,47.0,91.0,5.0,47.0,133.0,70.0,71.0,42.0,28.0,17.7,113.9,96.2,0.875,457.0,284.0,173.0,62.14442013,51.8,48.5,33.9,32.1,17.3,18.5,31.9,71.8,28.2,68.1,68.3,51.8,48.3,34.6,32.6,10.4,9.1,55.7,52.2,62.4,37.6,62.6,37.4,68.4,77.588,80.916,2.096,48.607,72.4,71.7,1.09,0.998,33.401,1.2
2024,64,Gonzaga,5,McNeese St.,12,Gonzaga,27,69.7948,98.0,69.0926,83.0,119.756,3.0,120.997,9.0,99.6295,46.0,99.4329,46.0,21.5641,15.0,22.623,121.233,98.61,0.915,31.0,24.0,7.0,77.41935484,56.7,47.3,31.5,25.8,14.0,16.5,33.3,72.8,27.2,66.7,69.8,58.3,45.1,35.5,34.0,10.1,6.4,52.1,48.2,68.6,31.4,63.1,36.9,69.074,77.65,81.225,1.84,72.006,72.6,72.7,1.198,0.994,23.847,2.5,14.0,8.0,50.0,14.0,8.0,37.0,225.0,24.0,17.0,213.0,53.0,102.0,102.0,53.0,99.0,7.0,13.0,95.0,198.0,132.0,13.0,135.0,118.0,54.0,309.0,192.0,176.0,85.0,92.0,53.0,235.0,10.0,154.0,238.0,3.0,42.0,86.0,2.1,107.1,105.0,0.557,280.0,142.0,138.0,50.71428571,51.8,51.1,30.7,32.0,16.7,16.0,29.2,72.7,27.3,70.8,68.3,51.6,50.4,34.8,34.8,8.1,7.7,53.1,52.2,62.9,37.1,63.4,36.6,68.4,77.755,80.992,1.865,27.646,70.8,71.4,1.07,1.059,19.342,-7.4,66.8129,273.0,65.5793,282.0,117.513,11.0,114.033,51.0,96.1176,10.0,101.171,84.0,12.8626,60.0,10.223,111.288,101.065,0.752,29.0,26.0,3.0,89.65517241,54.9,47.8,40.6,33.9,14.2,23.0,32.1,69.6,30.4,67.9,66.8,52.8,46.3,39.4,33.0,12.8,9.0,51.8,57.9,66.4,33.6,51.9,48.1,65.325,75.996,79.315,2.328,18.38,69.5,71.4,1.174,0.959,8.837,0.7,79.0,75.0,96.0,81.0,28.0,50.0,19.0,221.0,26.0,6.0,80.0,245.0,245.0,80.0,273.0,81.0,30.0,7.0,127.0,30.0,166.0,139.0,332.0,89.0,277.0,1.0,362.0,298.0,337.0,297.0,83.0,138.0,287.0,148.0,12.0,8.0,335.0,-10.0,99.9,109.9,0.25,293.0,122.0,171.0,41.63822526,48.7,51.1,36.2,37.8,18.6,18.0,29.9,68.4,31.6,70.1,69.3,48.3,51.5,32.9,33.6,9.4,10.3,50.4,53.8,64.5,35.5,62.9,37.1,68.9,76.406,79.445,2.011,4.686,70.4,71.1,1.015,1.069,12.484,-12.2
2024,64,Kansas,4,Samford,13,Kansas,28,69.6118,104.0,68.9392,92.0,107.292,134.0,113.382,65.0,99.1572,35.0,94.1566,10.0,19.2256,22.0,20.833,113.548,92.715,0.911,31.0,21.0,10.0,67.74193548,53.4,47.6,32.8,28.5,16.4,16.8,25.3,73.6,26.4,74.7,69.6,54.8,45.3,33.3,33.8,11.1,7.0,66.5,51.1,70.3,29.7,58.9,41.1,68.881,78.855,82.569,2.102,64.218,72.9,69.9,1.073,0.989,37.263,4.3,19.0,52.0,7.0,16.0,55.0,46.0,180.0,80.0,143.0,190.0,291.0,71.0,71.0,291.0,110.0,31.0,15.0,211.0,171.0,78.0,25.0,1.0,194.0,29.0,335.0,63.0,304.0,93.0,6.0,6.0,152.0,19.0,137.0,70.0,135.0,35.0,2.0,17.7,113.9,96.2,0.875,457.0,284.0,173.0,62.14442013,51.8,48.5,33.9,32.1,17.3,18.5,31.9,71.8,28.2,68.1,68.3,51.8,48.3,34.6,32.6,10.4,9.1,55.7,52.2,62.4,37.6,62.6,37.4,68.4,77.588,80.916,2.096,48.607,72.4,71.7,1.09,0.998,33.401,1.2,73.7641,9.0,72.4779,14.0,113.993,26.0,113.083,69.0,100.909,76.0,103.291,116.0,9.79228,81.0,9.327,111.741,102.414,0.732,32.0,27.0,5.0,84.375,56.9,50.0,36.4,37.0,18.1,21.7,30.2,68.0,32.0,69.8,73.7,55.5,49.5,39.3,33.9,10.7,10.6,57.4,53.5,59.1,40.9,59.9,40.1,72.568,75.75,79.553,2.096,14.838,72.6,69.1,1.144,1.009,11.368,0.07,88.0,67.0,126.0,89.0,7.0,156.0,85.0,285.0,262.0,18.0,129.0,315.0,315.0,129.0,9.0,22.0,144.0,8.0,182.0,99.0,288.0,43.0,260.0,276.0,89.0,81.0,283.0,12.0,348.0,268.0,155.0,159.0,154.0,37.0,24.0,76.0,260.0,-2.1,104.8,106.9,0.443,302.0,153.0,149.0,50.66225166,51.6,51.1,30.5,32.4,17.3,16.6,29.3,71.3,28.7,70.7,69.0,51.0,50.6,35.0,34.7,8.6,9.3,49.6,48.7,59.7,40.3,61.0,39.0,68.8,76.369,79.809,1.821,8.358,70.3,70.5,1.061,1.064,12.669,-9.4
2024,64,South Carolina,6,Oregon,11,Oregon,29,64.744,345.0,62.8651,354.0,110.705,67.0,114.735,46.0,102.738,112.0,99.6715,54.0,15.0632,49.0,15.506,114.369,98.863,0.842,33.0,26.0,7.0,78.78787879,50.8,48.0,31.8,30.8,15.5,14.9,33.1,72.0,28.0,66.9,64.7,51.1,46.8,33.5,33.6,8.2,13.4,60.2,47.3,59.0,41.0,68.8,31.2,62.999,77.431,80.088,2.242,43.412,71.4,73.0,1.105,1.027,28.077,4.7,46.0,43.0,57.0,48.0,169.0,61.0,212.0,130.0,76.0,310.0,58.0,132.0,132.0,58.0,345.0,151.0,44.0,202.0,159.0,229.0,358.0,16.0,97.0,280.0,86.0,340.0,25.0,353.0,131.0,181.0,111.0,65.0,220.0,254.0,75.0,115.0,68.0,14.6,114.3,99.7,0.828,460.0,273.0,187.0,59.34782609,51.3,49.1,36.4,34.7,15.9,16.8,32.1,69.7,30.3,67.9,70.2,51.7,48.9,33.8,32.9,11.9,10.2,51.6,49.9,61.4,38.6,62.1,37.9,69.5,77.634,81.16,2.079,49.572,73.4,73.1,1.107,1.049,30.667,-0.5,68.6239,162.0,67.1541,197.0,109.416,96.0,114.036,50.0,104.173,159.0,100.607,70.0,13.4292,55.0,13.701,113.269,99.568,0.815,34.0,23.0,11.0,67.64705882,51.8,51.5,32.3,32.8,14.8,17.9,28.7,72.9,27.1,71.3,68.6,52.7,51.6,33.6,34.3,9.8,9.3,50.7,50.1,63.3,36.7,63.8,36.2,67.128,76.758,80.1,1.969,47.815,71.5,72.2,1.094,1.044,28.128,1.4,56.0,54.0,73.0,58.0,120.0,246.0,195.0,190.0,49.0,123.0,179.0,98.0,98.0,179.0,170.0,84.0,235.0,197.0,223.0,151.0,189.0,170.0,164.0,166.0,200.0,232.0,134.0,199.0,244.0,179.0,193.0,61.0,210.0,201.0,97.0,165.0,66.0,12.0,111.5,99.5,0.787,391.0,215.0,176.0,54.98721228,51.8,50.1,32.6,30.8,16.6,16.7,28.7,72.6,27.4,71.3,69.4,51.5,49.6,34.8,34.0,9.6,8.4,52.6,50.6,64.1,35.9,63.0,37.0,69.0,78.223,81.517,1.943,54.262,71.4,71.0,1.073,1.036,28.096,-2.7
2024,64,Creighton,3,Akron,14,Creighton,30,67.9754,213.0,67.0297,207.0,116.365,18.0,120.091,12.0,100.617,68.0,96.6912,24.0,23.3993,11.0,24.145,120.6,96.455,0.929,32.0,23.0,9.0,71.875,57.5,46.4,24.5,16.2,15.3,11.2,25.9,75.4,24.6,74.1,68.0,60.6,45.7,36.1,32.2,8.6,9.1,58.6,40.9,51.1,48.9,72.8,27.2,66.947,78.515,82.574,2.322,52.884,78.1,78.7,1.163,1.007,33.229,4.4,10.0,12.0,27.0,10.0,3.0,18.0,353.0,1.0,69.0,362.0,284.0,22.0,22.0,284.0,214.0,3.0,21.0,60.0,82.0,207.0,173.0,30.0,8.0,356.0,7.0,359.0,5.0,213.0,14.0,5.0,86.0,48.0,13.0,362.0,18.0,70.0,22.0,14.8,113.6,98.8,0.833,360.0,203.0,157.0,56.38888889,51.9,49.7,29.8,27.8,16.4,16.5,30.1,71.5,28.5,69.9,68.1,51.9,49.0,34.6,33.9,10.4,10.0,55.0,52.6,60.8,39.2,62.5,37.5,68.3,77.722,80.772,2.102,50.583,74.8,73.7,1.09,1.042,33.917,-0.46,66.7747,274.0,65.8933,268.0,107.841,122.0,107.009,162.0,99.7096,49.0,102.072,97.0,4.93709,116.0,3.485,105.033,101.548,0.596,32.0,22.0,10.0,68.75,52.0,48.6,33.6,29.0,17.2,16.6,29.5,74.4,25.6,70.5,66.7,54.8,50.7,32.0,30.0,8.0,7.8,48.2,45.4,58.5,41.5,63.2,36.8,65.698,76.791,79.973,2.584,10.97,72.4,69.4,1.079,0.997,11.931,-4.5,131.0,176.0,103.0,131.0,106.0,78.0,155.0,88.0,195.0,206.0,151.0,53.0,53.0,151.0,277.0,31.0,197.0,276.0,14.0,247.0,70.0,236.0,48.0,292.0,71.0,198.0,170.0,276.0,238.0,199.0,19.0,176.0,164.0,47.0,122.0,51.0,249.0,-6.1,102.2,108.3,0.339,368.0,171.0,197.0,46.4673913,49.9,51.0,31.9,30.7,17.3,16.7,28.8,70.7,29.3,71.2,68.1,50.1,51.4,33.0,33.7,8.4,8.6,47.6,49.0,62.5,37.5,62.7,37.3,68.2,77.026,80.135,1.87,8.723,71.0,71.1,1.036,1.063,11.0,-11.6
2024,64,Texas,7,Colorado St.,10,Texas,31,68.1959,195.0,67.1608,196.0,111.933,52.0,118.526,19.0,102.265,104.0,100.122,61.0,18.4034,27.0,20.759,119.016,98.257,0.901,32.0,20.0,12.0,62.5,53.7,49.0,30.4,35.0,16.6,18.6,30.5,70.0,30.0,69.5,68.2,53.4,47.4,36.1,34.8,11.7,9.0,56.5,47.1,65.1,34.9,67.6,32.4,67.175,76.676,80.596,2.288,50.353,75.7,71.9,1.118,1.021,33.846,1.2,21.0,18.0,42.0,21.0,50.0,96.0,252.0,246.0,158.0,83.0,120.0,226.0,226.0,120.0,202.0,64.0,58.0,60.0,247.0,56.0,166.0,56.0,92.0,115.0,248.0,327.0,37.0,195.0,256.0,113.0,95.0,54.0,45.0,180.0,51.0,100.0,17.0,17.7,113.9,96.2,0.875,457.0,284.0,173.0,62.14442013,51.8,48.5,33.9,32.1,17.3,18.5,31.9,71.8,28.2,68.1,68.3,51.8,48.3,34.6,32.6,10.4,9.1,55.7,52.2,62.4,37.6,62.6,37.4,68.4,77.588,80.916,2.096,48.607,72.4,71.7,1.09,0.998,33.401,1.2,66.4971,282.0,65.8043,270.0,112.111,50.0,115.382,42.0,103.134,124.0,98.779,38.0,16.6027,38.0,15.664,113.795,98.131,0.846,32.0,22.0,10.0,68.75,54.6,49.3,32.6,31.8,14.8,16.9,24.3,72.5,27.5,75.7,66.5,57.6,48.5,33.2,34.0,8.1,8.6,65.7,48.7,61.7,38.3,66.0,34.0,65.849,76.588,79.048,2.578,21.58,75.4,74.2,1.121,1.03,27.18,1.5,45.0,49.0,40.0,45.0,33.0,113.0,187.0,154.0,49.0,185.0,311.0,110.0,110.0,311.0,285.0,10.0,98.0,219.0,198.0,238.0,124.0,2.0,132.0,213.0,153.0,297.0,68.0,268.0,266.0,312.0,20.0,124.0,55.0,312.0,47.0,122.0,74.0,8.9,110.5,101.6,0.724,344.0,197.0,147.0,57.26744186,52.1,50.5,34.5,32.5,16.3,17.1,28.2,71.7,28.3,71.8,67.0,52.7,51.0,34.0,33.0,9.9,9.3,53.3,51.6,62.7,37.3,62.4,37.6,67.6,77.427,80.341,2.141,26.222,72.2,72.2,1.082,1.048,24.53,-3.3
2024,64,Tennessee,2,Saint Peter's,15,Tennessee,32,70.591,64.0,69.2023,79.0,112.545,43.0,117.021,29.0,96.0253,8.0,91.0499,3.0,25.9712,7.0,24.368,115.62,91.252,0.938,32.0,24.0,8.0,75.0,51.5,45.4,34.3,35.8,14.6,18.9,32.4,71.4,28.6,67.6,70.6,51.6,44.3,34.2,31.4,13.6,8.0,61.2,49.5,58.7,41.3,58.6,41.4,69.219,76.606,80.263,2.262,55.338,74.9,70.7,1.125,0.961,34.068,5.8,7.0,33.0,3.0,7.0,140.0,7.0,135.0,263.0,41.0,66.0,75.0,162.0,162.0,75.0,65.0,127.0,9.0,164.0,47.0,21.0,85.0,13.0,149.0,287.0,77.0,55.0,310.0,78.0,264.0,154.0,103.0,42.0,70.0,112.0,44.0,9.0,14.0,14.6,114.3,99.7,0.828,460.0,273.0,187.0,59.34782609,51.3,49.1,36.4,34.7,15.9,16.8,32.1,69.7,30.3,67.9,70.2,51.7,48.9,33.8,32.9,11.9,10.2,51.6,49.9,61.4,38.6,62.1,37.9,69.5,77.634,81.16,2.079,49.572,73.4,73.1,1.107,1.049,30.667,-0.5,65.2369,336.0,63.9542,338.0,99.4394,292.0,98.5882,305.0,96.5396,12.0,100.91,76.0,-2.32142,187.0,-3.34,96.817,100.157,0.404,31.0,18.0,13.0,58.06451613,45.0,46.6,38.1,42.3,19.6,20.3,35.1,70.6,29.4,64.9,65.4,42.4,46.4,33.9,31.5,12.8,10.6,49.0,49.7,68.9,31.1,65.5,34.5,63.989,77.234,79.592,1.797,0.702,71.9,70.5,0.992,0.963,9.395,-8.8,206.0,314.0,82.0,208.0,349.0,22.0,54.0,339.0,324.0,32.0,25.0,203.0,203.0,25.0,331.0,359.0,34.0,181.0,52.0,30.0,288.0,209.0,153.0,49.0,315.0,285.0,81.0,337.0,157.0,259.0,254.0,287.0,195.0,93.0,294.0,11.0,326.0,-7.1,100.1,107.2,0.313,346.0,161.0,185.0,46.53179191,49.4,50.5,30.0,31.7,18.4,18.1,29.4,71.0,29.0,70.6,68.1,48.5,50.1,34.0,34.1,8.7,9.1,50.7,50.7,65.0,35.0,64.8,35.2,68.3,76.958,79.746,1.789,4.727,71.4,71.4,1.013,1.033,9.487,-12.5
