YEAR,CURRENT_ROUND,TEAM_A,SEED_A,FARTHEST_ROUND_A,SCORE_A,TEAM_B,SEED_B,FARTHEST_ROUND_B,SCORE_B,WINNER_TEAM,CONF_A,K TEMPO_A,K TEMPO RANK_A,KADJ T_A,KADJ T RANK_A,K OFF_A,KO RANK_A,KADJ O_A,KADJ O RANK_A,K DEF_A,KD RANK_A,KADJ D_A,KADJ D RANK_A,KADJ EM_A,KADJ EM RANK_A,BADJ EM_x_A,BADJ O_x_A,BADJ D_x_A,BARTHAG_x_A,GAMES_A,W_x_A,L_x_A,WIN%_x_A,EFG%_x_A,EFG%D_A,FTR_x_A,FTRD_x_A,TOV%_x_A,TOV%D_x_A,OREB%_x_A,DREB%_x_A,OP OREB%_x_A,OP DREB%_x_A,RAW T_x_A,2PT%_x_A,2PT%D_x_A,3PT%_x_A,3PT%D_x_A,BLK%_x_A,BLKED%_x_A,AST%_x_A,OP AST%_A,2PTR_x_A,3PTR_x_A,2PTRD_x_A,3PTRD_x_A,BADJ T_x_A,AVG HGT_x_A,EFF HGT_x_A,EXP_x_A,TALENT_x_A,FT%_x_A,OP FT%_x_A,PPPO_x_A,PPPD_x_A,ELITE SOS_x_A,WAB_x_A,BADJ EM RANK_A,BADJ O RANK_A,BADJ D RANK_A,BARTHAG RANK_A,EFG% RANK_A,EFGD% RANK_A,FTR RANK_A,FTRD RANK_A,TOV% RANK_A,TOV%D RANK_A,OREB% RANK_A,DREB% RANK_A,OP OREB% RANK_A,OP DREB% RANK_A,RAW T RANK_A,2PT% RANK_A,2PT%D RANK_A,3PT% RANK_A,3PT%D RANK_A,BLK% RANK_A,BLKED% RANK_A,AST% RANK_A,OP AST% RANK_A,2PTR RANK_A,3PTR RANK_A,2PTRD RANK_A,3PTRD RANK_A,BADJT RANK_A,AVG HGT RANK_A,EFF HGT RANK_A,EXP RANK_A,TALENT RANK_A,FT% RANK_A,OP FT% RANK_A,PPPO RANK_A,PPPD RANK_A,ELITE SOS RANK_A,CONF ID_y_A,BADJ EM_y_A,BADJ O_y_A,BADJ D_y_A,BARTHAG_y_A,G_A,W_y_A,L_y_A,WIN%_y_A,EFG%_y_A,EFGD%_A,FTR_y_A,FTRD_y_A,TOV%_y_A,TOV%D_y_A,OREB%_y_A,DREB%_y_A,OP OREB%_y_A,OP DREB%_y_A,RAW T_y_A,2PT%_y_A,2PT%D_y_A,3PT%_y_A,3PT%D_y_A,BLK%_y_A,BLKED%_y_A,AST%_y_A,OP AST %_A,2PTR_y_A,3PTR_y_A,2PTRD_y_A,3PTRD_y_A,BADJ T_y_A,AVG HGT_y_A,EFF HGT_y_A,EXP_y_A,TALENT_y_A,FT%_y_A,OP FT%_y_A,PPPO_y_A,PPPD_y_A,ELITE SOS_y_A,WAB_y_A,CONF_B,K TEMPO_B,K TEMPO RANK_B,KADJ T_B,KADJ T RANK_B,K OFF_B,KO RANK_B,KADJ O_B,KADJ O RANK_B,K DEF_B,KD RANK_B,KADJ D_B,KADJ D RANK_B,KADJ EM_B,KADJ EM RANK_B,BADJ EM_x_B,BADJ O_x_B,BADJ D_x_B,BARTHAG_x_B,GAMES_B,W_x_B,L_x_B,WIN%_x_B,EFG%_x_B,EFG%D_B,FTR_x_B,FTRD_x_B,TOV%_x_B,TOV%D_x_B,OREB%_x_B,DREB%_x_B,OP OREB%_x_B,OP DREB%_x_B,RAW T_x_B,2PT%_x_B,2PT%D_x_B,3PT%_x_B,3PT%D_x_B,BLK%_x_B,BLKED%_x_B,AST%_x_B,OP AST%_B,2PTR_x_B,3PTR_x_B,2PTRD_x_B,3PTRD_x_B,BADJ T_x_B,AVG HGT_x_B,EFF HGT_x_B,EXP_x_B,TALENT_x_B,FT%_x_B,OP FT%_x_B,PPPO_x_B,PPPD_x_B,ELITE SOS_x_B,WAB_x_B,BADJ EM RANK_B,BADJ O RANK_B,BADJ D RANK_B,BARTHAG RANK_B,EFG% RANK_B,EFGD% RANK_B,FTR RANK_B,FTRD RANK_B,TOV% RANK_B,TOV%D RANK_B,OREB% RANK_B,DREB% RANK_B,OP OREB% RANK_B,OP DREB% RANK_B,RAW T RANK_B,2PT% RANK_B,2PT%D RANK_B,3PT% RANK_B,3PT%D RANK_B,BLK% RANK_B,BLKED% RANK_B,AST% RANK_B,OP AST% RANK_B,2PTR RANK_B,3PTR RANK_B,2PTRD RANK_B,3PTRD RANK_B,BADJT RANK_B,AVG HGT RANK_B,EFF HGT RANK_B,EXP RANK_B,TALENT RANK_B,FT% RANK_B,OP FT% RANK_B,PPPO RANK_B,PPPD RANK_B,ELITE SOS RANK_B,CONF ID_y_B,BADJ EM_y_B,BADJ O_y_B,BADJ D_y_B,BARTHAG_y_B,G_B,W_y_B,L_y_B,WIN%_y_B,EFG%_y_B,EFGD%_B,FTR_y_B,FTRD_y_B,TOV%_y_B,TOV%D_y_B,OREB%_y_B,DREB%_y_B,OP OREB%_y_B,OP DREB%_y_B,RAW T_y_B,2PT%_y_B,2PT%D_y_B,3PT%_y_B,3PT%D_y_B,BLK%_y_B,BLKED%_y_B,AST%_y_B,OP AST %_B,2PTR_y_B,3PTR_y_B,2PTRD_y_B,3PTRD_y_B,BADJ T_y_B,AVG HGT_y_B,EFF HGT_y_B,EXP_y_B,TALENT_y_B,FT%_y_B,OP FT%_y_B,PPPO_y_B,PPPD_y_B,ELITE SOS_y_B,WAB_y_B
2026,64,Ohio St.,8,,,TCU,9,64,,,B10,66.5802,263,66.0578,251,118.264,34,124.305,17,108.263,171,102.066,54,22.2397,26,23.609,125.217,101.608,0.917,33,21,12,63.63636364,56.5,50.3,37.8,35.1,15.4,15.8,30.8,70,30,69.2,66.6,58.2,52.3,36,31.6,7,8.8,52,53.4,59.9,40.1,59.7,40.3,66.161,77.666,81.619,1.779,68.946,77.5,74.3,1.186,1.082,37.869,2.9,22,13,47,23,20,123,111,180,100,237,175,162,162,175,266,19,213,62,52,313,139,194,212,199,169,152,218,247,120,36,232,14,23,286,31,172,19,6,18.9,119.7,100.8,0.878,591,353,238,59.72927242,53.5,50.7,34.4,30.9,15.3,16.2,31.6,70.6,29.4,68.4,66.8,54.7,51.4,34.6,33.2,10,9.1,58.3,55.7,58.2,41.8,58.1,41.9,67.3,78.191,81.466,1.85,49.036,75.3,74.5,1.143,1.071,36.914,1.2,B12,69.666,108,67.6696,159,110.922,124,115.379,81,101.96,44,97.7924,22,17.5867,43,15.195,114.85,99.655,0.836,33,22,11,66.66666667,50.9,51,38.7,30.4,15.5,19.7,34.4,70.8,29.2,65.6,69.7,51.6,51.3,33.1,33.7,12.6,9.9,57.6,61,63.1,36.9,61.9,38.1,67.58,76.426,79.205,1.807,50.351,70.8,71.9,1.111,1.023,33.811,2.4,51,84,30,49,202,166,89,70,107,31,63,125,125,63,109,191,158,228,170,34,234,63,347,134,233,232,138,170,313,319,225,44,244,158,120,49,42,7,18.4,118.6,100.2,0.874,524,324,200,61.83206107,53,50.2,33.7,31.6,15.9,17.1,32.7,69.9,30.1,67.3,69.4,53,50,35.3,33.6,10.4,9.1,54.4,52.5,61.6,38.4,61.3,38.7,68.9,77.829,81.146,1.808,45.837,72.9,71.9,1.131,1.053,35.673,1.5
2026,64,St. John's,5,,,Northern Iowa,12,64,,,BE,70.9942,54,69.5583,68,114.263,69,120.068,44,98.5594,19,94.1597,12,25.9079,17,25.712,119.836,94.124,0.941,34,28,6,82.35294118,51,47.4,41.9,31.8,14.7,19.4,35.9,69.8,30.2,64.1,71,51.6,47.5,33.2,31.3,12.4,9.5,58.2,47.2,66.2,33.8,66.3,33.7,69.604,78.154,80.478,2.3,70.084,72.7,71.7,1.145,0.982,31.162,7.3,19,43,10,16,197,32,37,98,53,38,29,172,172,29,55,191,39,221,43,44,192,54,55,67,300,338,29,63,61,151,61,12,179,141,67,16,67,8,14.1,115.5,101.4,0.817,361,207,154,57.34072022,51.7,50.1,34.4,32.6,16,17.2,32,69.1,30.9,68,68.8,52.3,50,33.9,33.5,10.2,9.7,57.6,54.9,61.2,38.8,62.9,37.1,68.6,77.924,80.821,1.881,53.105,72.2,72,1.105,1.056,30.886,-1.5,MVC,63.4121,362,62.2651,363,108.087,183,110.001,153,97.1395,9,98.1918,24,11.8089,72,11.129,109.711,98.582,0.774,34,22,12,64.70588235,54.2,47.2,25.7,29.3,14.6,18.1,22,73.7,26.3,78,63.4,55.3,50,34.9,28.9,9.8,8.1,57.1,49.3,60.4,39.6,58.5,41.5,62.187,77.565,79.727,2.321,19.874,69.7,71.8,1.081,0.971,14.539,-5.3,75,150,25,70,66,25,362,52,47,97,356,23,23,356,363,54,106,130,3,152,72,69,98,188,180,111,259,365,139,252,57,130,280,151,183,10,169,19,2.4,108.7,106.3,0.564,347,181,166,52.16138329,52.1,50.8,33.1,32.4,16.6,17,28.7,70.8,29.2,71.3,67.9,52.8,51.1,34.1,33.6,9.3,9.1,53.7,52.2,59.5,40.5,60.2,39.8,68.2,77.417,80.589,1.801,13.423,71.4,71.3,1.08,1.059,14.939,-8
2026,64,Kansas,4,,,Cal Baptist,13,64,,,B12,68.2177,190,67.6362,164,109.793,142,118.33,57,100.811,34,93.8906,10,24.4399,21,23.486,117.869,94.383,0.928,33,23,10,69.6969697,51.6,45.2,32.6,27.7,15.5,14,29.5,69.9,30.1,70.5,68.2,51.1,44.7,35,30.7,15.6,8.3,53.3,48,64.3,35.7,58,42,67.61,78.153,80.749,1.629,57.848,76.7,69.4,1.1,1.009,41.65,6.3,23,56,11,22,173,4,248,32,107,339,223,168,168,223,191,212,7,125,30,6,90,153,69,109,258,96,271,168,63,119,273,30,41,34,137,34,3,7,18.4,118.6,100.2,0.874,524,324,200,61.83206107,53,50.2,33.7,31.6,15.9,17.1,32.7,69.9,30.1,67.3,69.4,53,50,35.3,33.6,10.4,9.1,54.4,52.5,61.6,38.4,61.3,38.7,68.9,77.829,81.146,1.808,45.837,72.9,71.9,1.131,1.053,35.673,1.5,WAC,67.4426,223,65.8019,265,106.986,208,107.926,191,99.1084,22,101.933,50,5.99314,106,7.173,107.493,100.32,0.689,33,25,8,75.75757576,48.6,46.4,36.1,37.1,18.1,17.1,37.8,72.8,27.2,62.2,67.4,47.7,47.3,33.7,29.7,7.5,9.6,40.4,46,67.9,32.1,68.3,31.7,65.931,76.493,81.394,2.169,1.476,71.9,71.9,1.071,0.991,12.593,-2.3,98,193,37,96,302,16,155,240,281,154,11,46,46,11,226,318,36,192,6,294,204,361,33,39,328,358,9,261,305,54,106,266,213,158,206,23,222,32,-0.7,105.7,106.4,0.481,211,107,104,50.71090047,50.1,50.8,37.6,39.5,19.7,19.2,32.5,68.5,31.5,67.5,68.7,50.6,51.2,32.8,33.4,9.2,9.5,49.7,49.6,67.6,32.4,67.1,32.9,68.5,77.299,80.333,1.898,10.298,71.6,72,1.039,1.053,15.198,-6.8
2026,64,Louisville,6,,,South Florida,11,64,,,ACC,70.9731,55,69.6486,62,119.143,25,124.053,19,102.053,46,98.6289,25,25.4242,19,25.868,124.034,98.166,0.936,33,23,10,69.6969697,56.4,48.8,33.5,33.4,16.4,16.7,32.9,73.1,26.9,67.1,71,59.7,48.6,35.7,32.7,9.2,12.4,59.5,48.3,47.2,52.8,60.9,39.1,69.712,78.246,81.646,2.208,39.12,76.9,71.2,1.194,1.017,35.248,4,18,22,23,17,21,61,227,138,160,176,95,36,36,95,55,10,56,78,103,182,347,39,78,362,4,194,173,62,52,33,90,71,35,112,21,43,32,2,15.7,117.1,101.4,0.84,585,354,231,60.51282051,53.2,50.2,34.7,32.6,15.6,16.8,31.8,70.5,29.5,68.2,68.4,53.8,50.5,34.9,33.1,10.8,9.7,53.6,51.9,57.7,42.3,58.3,41.7,68.4,78.069,81.107,1.798,55.261,72,72.1,1.131,1.056,31.421,-0.35,Amer,72.9091,12,71.5099,15,117.107,44,117.305,61,102.155,49,100.918,40,16.3874,47,15.363,116.785,101.422,0.835,32,24,8,75,50.9,48.4,41.1,38.8,15.2,18.8,38.2,68.2,31.8,61.8,72.9,51.9,46.7,33.1,33.9,10.9,13.3,58.8,51.3,56.2,43.8,60.5,39.5,71.401,77.061,79.722,2.247,30.828,74.3,70.1,1.17,1.026,18.197,-0.26,50,67,44,50,202,49,51,279,81,58,7,249,249,7,12,178,27,228,183,95,358,47,154,274,96,183,189,17,225,254,79,89,115,56,44,54,110,4,1.7,109.3,107.6,0.545,403,206,197,51.11662531,49.6,50.1,37.3,36.3,16.2,16.5,33,67.8,32.2,67,68.4,50,50.2,32.7,33.2,11,10.3,49.8,50.7,61.5,38.5,61.2,38.8,68.4,77.342,80.448,1.951,24.405,72.1,71.9,1.085,1.079,16.022,-8.5
2026,64,Michigan St.,3,,,North Dakota St.,14,64,,,B10,66.801,253,66.0475,252,117.217,42,123.049,24,101.382,40,94.7386,13,28.31,9,26.73,122.89,96.16,0.944,32,25,7,78.125,53.6,48.6,36.2,30.9,17.1,14.8,38.5,77.4,22.6,61.5,66.8,53.4,48,35.9,32.9,13.3,8.1,67,56.4,63.6,36.4,54,46,65.981,78.478,81.667,1.815,68.794,76.3,75.1,1.173,1.017,37.86,7.4,12,28,16,13,82,53,150,82,215,305,4,1,1,4,253,112,45,68,116,20,72,2,293,126,240,22,344,257,35,32,223,15,48,318,42,43,20,6,18.9,119.7,100.8,0.878,591,353,238,59.72927242,53.5,50.7,34.4,30.9,15.3,16.2,31.6,70.6,29.4,68.4,66.8,54.7,51.4,34.6,33.2,10,9.1,58.3,55.7,58.2,41.8,58.1,41.9,67.3,78.191,81.466,1.85,49.036,75.3,74.5,1.143,1.071,36.914,1.2,Sum,68.0273,198,66.2972,237,114.563,67,111.74,124,102.597,54,106.606,124,5.13396,113,5.41,111.459,106.049,0.639,31,24,7,77.41935484,53.4,51.5,30.7,29.1,15.6,18.7,33.6,74.3,25.7,66.4,68,53.2,52.6,35.7,33.5,9,9,53,55.1,57.3,42.7,55.6,44.4,66.357,76.177,79.574,1.834,0.2,71.6,74.8,1.145,1.025,8.155,-3.4,115,122,121,114,86,191,290,48,114,65,78,18,18,78,203,126,222,78,160,204,151,166,256,246,122,40,328,236,336,278,215,365,221,308,67,53,339,30,-6.3,106.7,113,0.341,267,116,151,43.44569288,51.7,53.8,34.5,34.4,15.9,16,28.1,70.1,29.9,71.9,69.4,52.5,54.7,33.7,34.9,7.6,8.9,48,50.5,59.2,40.8,59.7,40.3,68.9,76.779,79.756,1.779,7.662,72,72.2,1.083,1.121,12.495,-11.8
2026,64,UCLA,7,,,UCF,10,64,,,B10,65.6763,310,64.6449,318,117.078,45,123.728,22,107.182,138,102.061,53,21.667,27,22.757,124.518,101.761,0.911,34,23,11,67.64705882,53.9,50.4,33.1,34.7,13.4,18.1,31.1,67.6,32.4,68.9,65.7,52,52.7,38.2,31.8,9.4,8.1,59.4,63.3,64.1,35.9,55.3,44.7,64.688,77.997,81.299,2.244,70.281,76.7,75.3,1.17,1.069,36.27,3.6,24,17,51,24,72,130,236,169,14,97,165,280,280,165,310,169,226,16,59,174,72,40,359,113,256,36,330,317,80,61,80,11,41,332,44,136,26,6,18.9,119.7,100.8,0.878,591,353,238,59.72927242,53.5,50.7,34.4,30.9,15.3,16.2,31.6,70.6,29.4,68.4,66.8,54.7,51.4,34.6,33.2,10,9.1,58.3,55.7,58.2,41.8,58.1,41.9,67.3,78.191,81.466,1.85,49.036,75.3,74.5,1.143,1.071,36.914,1.2,B12,70.6277,71,69.2088,78,113.618,79,120.452,40,110.327,229,105.413,101,15.0386,54,14.327,119.999,105.672,0.812,32,21,11,65.625,52.8,52.4,30.8,35.2,15.7,15.8,34.4,71.5,28.5,65.6,70.6,52.1,53.2,36.2,34,8.3,9,53.6,51.3,65.6,34.4,60.3,39.7,69.116,78.696,82.08,2.429,42.096,74,74.3,1.137,1.102,33.921,2.1,55,39,114,58,113,236,286,184,119,237,63,89,89,63,74,166,246,48,188,246,151,146,154,81,287,173,198,86,22,20,39,64,138,286,76,225,41,7,18.4,118.6,100.2,0.874,524,324,200,61.83206107,53,50.2,33.7,31.6,15.9,17.1,32.7,69.9,30.1,67.3,69.4,53,50,35.3,33.6,10.4,9.1,54.4,52.5,61.6,38.4,61.3,38.7,68.9,77.829,81.146,1.808,45.837,72.9,71.9,1.131,1.053,35.673,1.5
2026,64,Connecticut,2,,,Furman,15,64,,,BE,66.0567,293,64.4462,322,116.349,50,121.986,30,97.6819,11,94.1163,11,27.8694,11,28.125,123.091,94.966,0.952,34,29,5,85.29411765,55.3,45.7,30,40.2,16.8,18,35.7,71.3,28.7,64.3,66,57.1,45.8,35.2,30.3,15.2,9.7,65,48.5,59.7,40.3,63.8,36.2,64.583,78.303,81.367,1.997,84.266,71.6,71.9,1.165,0.979,33.294,8.8,9,25,12,9,37,9,313,302,189,101,35,95,95,35,300,33,13,106,16,9,215,7,82,203,164,283,86,323,45,56,161,3,221,158,50,15,46,8,14.1,115.5,101.4,0.817,361,207,154,57.34072022,51.7,50.1,34.4,32.6,16,17.2,32,69.1,30.9,68,68.8,52.3,50,33.9,33.5,10.2,9.7,57.6,54.9,61.2,38.8,62.9,37.1,68.6,77.924,80.821,1.881,53.105,72.2,72,1.105,1.056,30.886,-1.5,SC,66.4903,275,65.8575,263,111.749,108,107.451,200,107.216,141,109.43,181,-1.9789,191,-2.106,106.897,109.003,0.444,31,19,12,61.29032258,54.8,50.1,32.1,28.9,17.8,13.7,31,72.5,27.5,69,66.5,59,50.9,33.3,32.6,9.4,10.8,55.8,46.8,53.7,46.3,58.1,41.9,65.841,79.189,81.426,1.607,11.546,69.8,70.2,1.116,1.073,7.376,-8.7,194,207,177,195,47,112,258,45,261,343,171,52,52,171,278,14,136,213,96,174,294,94,48,325,42,97,269,265,5,50,274,176,276,60,110,147,351,27,-9.6,105.8,115.4,0.269,301,136,165,45.18272425,52.3,53.7,34.9,34.2,15.2,14.9,28.7,70.2,29.8,71.3,67.6,53.1,53.8,34.1,35.6,8,9.1,50.7,51.1,55.7,44.3,56.9,43.1,67.9,76.7,79.572,1.74,5.44,71.5,72.4,1.104,1.139,9.611,-12.6
2026,64,Clemson,8,,,Iowa,9,64,,,ACC,65.4573,318,64.21,333,112.289,99,116.522,71,101.106,37,97.2852,20,19.2364,36,19.586,116.541,96.955,0.892,34,24,10,70.58823529,52.6,48.9,37.1,33.1,14.2,17.5,28.1,74.3,25.7,71.9,65.5,53.8,49,34.1,32.6,9.1,10.3,50.2,46.4,57.1,42.9,57.1,42.9,64.273,77.953,81.538,2.344,43.89,72.6,74.7,1.124,1.012,31.538,3.2,34,69,20,30,124,68,131,134,29,125,267,18,18,267,318,92,66,170,96,196,262,240,41,252,117,73,295,330,84,42,53,58,185,304,97,38,64,2,15.7,117.1,101.4,0.84,585,354,231,60.51282051,53.2,50.2,34.7,32.6,15.6,16.8,31.8,70.5,29.5,68.2,68.4,53.8,50.5,34.9,33.1,10.8,9.7,53.6,51.9,57.7,42.3,58.3,41.7,68.4,78.069,81.107,1.798,55.261,72,72.1,1.131,1.056,31.421,-0.35,B10,63.3898,363,63.0052,357,118.167,35,121.742,31,103.891,74,99.2974,30,22.4441,25,21.94,122.131,100.191,0.907,33,21,12,63.63636364,56.6,52.7,34.5,39.1,15.2,21,30.1,72,28,69.9,63.4,58.7,54,35.7,33.7,6.7,8.3,58,51,58.4,41.6,60.9,39.1,63.027,78.486,80.798,1.776,14.299,77,73.1,1.182,1.037,35.51,1.9,25,30,35,26,16,256,201,289,81,14,196,68,68,196,363,17,278,78,170,323,90,59,146,226,140,194,173,358,34,111,233,155,33,227,38,73,28,6,18.9,119.7,100.8,0.878,591,353,238,59.72927242,53.5,50.7,34.4,30.9,15.3,16.2,31.6,70.6,29.4,68.4,66.8,54.7,51.4,34.6,33.2,10,9.1,58.3,55.7,58.2,41.8,58.1,41.9,67.3,78.191,81.466,1.85,49.036,75.3,74.5,1.143,1.071,36.914,1.2
2026,64,Vanderbilt,5,,,McNeese St.,12,64,,,SEC,70.7876,62,68.8493,98,121.231,9,126.805,7,105.883,109,99.2995,31,27.5051,12,28.113,127.446,99.333,0.946,34,26,8,76.47058824,55.3,48.8,38.2,41,13.3,17.9,31.2,68.4,31.6,68.8,70.8,56.8,49.1,35.5,32.2,12.6,7.1,56.2,46.6,56.4,43.6,62.1,37.9,68.982,77.259,79.921,2.308,35.964,79.3,75.2,1.211,1.054,37.121,7.3,10,7,29,10,37,61,102,312,11,107,160,235,235,160,63,36,70,91,74,34,18,85,43,266,100,242,128,94,191,231,59,77,4,325,10,100,23,28,19.3,121.2,101.9,0.88,525,316,209,60.19047619,53.5,50.3,38.1,35.5,14.9,15.6,34.1,69,31,65.9,70.3,54.8,50.3,34.4,33.4,11.1,9.5,52.2,50.3,60,40,61.3,38.7,69.4,78.032,81.381,1.935,54.81,73.9,72.8,1.17,1.085,36.651,1.4,Slnd,66.4824,277,66.2315,247,114.794,64,114.306,91,99.8257,27,101.805,47,12.5017,68,10.985,113.158,102.173,0.764,31,26,5,83.87096774,51,48.9,38.3,42.1,14.3,24.6,35,65,35,65,66.5,52.9,49.1,31.6,32.5,15.8,6.7,49.2,57.2,64.9,35.1,53.2,46.8,66.136,77.089,79.745,1.919,48.482,74,72.8,1.143,0.997,14.16,0.7,77,99,59,73,197,68,98,326,35,1,49,340,340,49,278,137,70,304,90,4,14,261,302,95,272,16,352,250,218,250,188,49,138,212,69,26,184,29,-4,105.5,109.5,0.395,364,165,199,45.32967033,50,51.3,35.8,38.5,17.9,18,31,68,32,69,66.6,50.1,51.7,33.2,33.7,9.4,9.6,53,54.5,61.9,38.1,61.8,38.2,67.3,76.657,79.445,2.232,6.418,70.8,71.6,1.051,1.078,14.049,-10.9
2026,64,Nebraska,4,,,Troy,13,64,,,B10,67.2763,232,66.7205,218,113.845,74,118.544,55,97.7934,13,92.3865,7,26.1577,14,23.771,117.254,93.483,0.931,32,26,6,81.25,55.4,47.8,27.2,24.8,14.4,19.2,26.3,72.3,27.7,73.7,67.3,58.1,50.6,35.3,29.9,8.7,9.3,65.6,60.5,49.3,50.7,50.7,49.3,66.821,77.645,80.688,2.26,42.458,75,72.6,1.14,0.977,35.291,7.5,21,61,7,20,32,39,350,6,38,44,314,61,61,314,234,22,126,103,7,217,169,6,341,355,13,5,361,216,125,127,73,63,87,202,71,14,31,6,18.9,119.7,100.8,0.878,591,353,238,59.72927242,53.5,50.7,34.4,30.9,15.3,16.2,31.6,70.6,29.4,68.4,66.8,54.7,51.4,34.6,33.2,10,9.1,58.3,55.7,58.2,41.8,58.1,41.9,67.3,78.191,81.466,1.85,49.036,75.3,74.5,1.143,1.071,36.914,1.2,SB,67.0265,245,64.8776,309,112.198,102,110.717,141,106.434,120,108.997,166,1.72038,143,1.678,110.722,109.044,0.544,31,20,11,64.51612903,51.9,50.1,36.3,32.1,17,16.9,34.8,68.4,31.6,65.2,67,53.7,52,33.2,31.3,9.1,11,57,49.3,54.4,45.6,61.6,38.4,65.084,77.648,80.428,1.897,0.2,73.8,70.7,1.12,1.066,11.323,-6.2,142,136,181,142,154,112,147,106,207,166,55,235,235,55,247,96,198,221,43,196,305,72,98,312,55,218,152,303,123,156,191,365,146,81,103,128,255,26,-5.7,105.4,111.1,0.353,438,212,226,48.40182648,50.2,50.8,36.2,36.9,16.5,16.1,30.1,69,31,69.9,68.4,50.4,51.1,33.2,33.6,9.7,9.8,48.6,49.9,59.4,40.6,59.5,40.5,68.3,77.225,80.124,2.003,10.022,72.4,71.9,1.069,1.09,10.285,-11.7
2026,64,North Carolina,6,,,VCU,11,64,,,ACC,68.7852,161,67.9079,143,115.736,54,121.387,32,104.018,77,100.545,37,20.842,29,21.415,121.468,100.053,0.903,32,24,8,75,54.6,48.2,37.4,23.8,14,13.6,31.4,71.9,28.1,68.6,68.8,56.7,46.1,34.5,34.5,8.6,9,57,48.1,57.7,42.3,63.1,36.9,67.986,79.15,82.728,1.523,63.835,68.4,70.1,1.16,1.037,33.421,4.9,27,33,33,27,56,44,124,3,24,345,149,73,73,149,162,37,15,153,222,226,151,72,71,236,131,267,102,140,6,7,295,18,320,56,53,73,44,2,15.7,117.1,101.4,0.84,585,354,231,60.51282051,53.2,50.2,34.7,32.6,15.6,16.8,31.8,70.5,29.5,68.2,68.4,53.8,50.5,34.9,33.1,10.8,9.7,53.6,51.9,57.7,42.3,58.3,41.7,68.4,78.069,81.107,1.798,55.261,72,72.1,1.131,1.056,31.421,-0.35,A10,69.3654,124,68.5071,116,117.774,40,119.872,46,103.176,66,102.666,60,17.2061,45,16.197,119.285,103.088,0.843,34,27,7,79.41176471,54.1,48.9,43.7,33.1,15.2,17.2,32.3,70.1,29.9,67.7,69.4,53.3,48.4,36.7,33.1,11.3,8.9,52.7,50.3,56.2,43.8,65.3,34.7,68.681,77.713,80.893,1.703,21.117,73.9,71.2,1.176,1.031,19.63,1.7,47,49,69,48,69,68,15,134,81,139,116,155,155,116,126,119,50,35,132,78,144,174,124,274,96,323,45,107,113,102,256,122,139,112,40,63,105,1,4.5,110.3,105.8,0.618,445,247,198,55.50561798,52,50.6,36.2,34.2,17.1,17.3,31.2,70.4,29.6,68.8,67.5,52.6,50.4,34.1,34,10.4,10.3,55.4,54.5,58.5,41.5,58.8,41.2,67.9,77.32,80.48,2.05,17.554,72.3,71.6,1.095,1.058,17.173,-6.4
2026,64,Illinois,3,,,Penn,14,64,,,B10,66.2363,285,65.5241,277,125.476,1,131.176,2,103.715,72,99.0756,28,32.1008,7,33.742,131.949,98.207,0.968,32,24,8,75,55.1,47.6,32.9,20.6,13.2,11.6,38.7,73,27,61.3,66.2,58.2,48,34.7,31.4,12.6,8.5,51.2,51.4,49.3,50.7,57.8,42.2,65.718,79.989,83.215,1.548,63.056,78.9,73.4,1.255,1.038,38.28,6.6,5,2,24,6,41,35,239,1,10,365,3,41,41,3,288,19,45,144,46,34,109,214,159,355,13,92,276,272,1,3,289,21,6,246,1,74,14,6,18.9,119.7,100.8,0.878,591,353,238,59.72927242,53.5,50.7,34.4,30.9,15.3,16.2,31.6,70.6,29.4,68.4,66.8,54.7,51.4,34.6,33.2,10,9.1,58.3,55.7,58.2,41.8,58.1,41.9,67.3,78.191,81.466,1.85,49.036,75.3,74.5,1.143,1.071,36.914,1.2,Ivy,68.8241,158,69.0438,87,107.408,199,107.363,204,105.745,106,105.894,111,1.46919,150,1.162,106.576,105.414,0.531,28,17,11,60.71428571,50.3,51.7,35.2,27.5,15.4,17.8,30.3,69.5,30.5,69.7,68.8,46.2,54.4,38.7,31.7,8.5,9.4,52.7,53.8,65,35,60.7,39.3,69.024,77.767,80.753,1.869,17.192,69.5,67,1.075,1.057,12.952,-6,147,212,105,147,226,200,174,27,100,115,191,184,184,191,162,346,296,12,56,234,181,174,221,93,274,188,181,91,108,118,204,138,287,2,199,106,215,15,-2.1,108.2,110.3,0.445,214,106,108,49.53271028,52.8,52.2,31.9,31.6,17,16,29.7,70.7,29.3,70.3,67.1,51.8,53.1,36.1,33.9,8.9,9.4,56.8,53.6,58.9,41.1,59.9,40.1,67.8,77.103,79.41,1.703,10.171,73.4,72.4,1.094,1.093,12.4,-9
2026,64,Saint Mary's,7,,,Texas A&M,10,64,,,WCC,66.3613,282,65.1588,297,117.183,43,120.26,43,98.3255,17,97.1899,19,23.0701,24,21.803,119.389,97.586,0.91,31,26,5,83.87096774,52.9,46.7,35.8,25.7,16.4,15.2,37.6,76.2,23.8,62.4,66.4,50.2,46.6,38.6,31.2,9.7,8.9,58,52.7,63.9,36.1,63.2,36.8,65.302,78.715,82.369,1.349,36.989,81.1,72.3,1.169,0.984,22.727,4,26,48,22,25,110,19,163,12,160,274,13,4,4,13,282,249,23,13,40,158,144,59,196,121,247,274,98,290,20,14,331,75,1,179,45,19,90,33,6.5,111.3,104.8,0.666,379,203,176,53.56200528,52.1,50.6,32.9,32.8,17.3,17.1,30.8,70,30,69.2,68.2,52.4,50.7,34.4,33.6,9.4,8.7,56.3,55.1,60,40,60.4,39.6,68.2,78.024,81.262,1.817,20.686,74,73.4,1.087,1.064,21.047,-6.7,SEC,72.6275,15,70.4548,29,118.073,36,119.69,49,107.705,156,101.022,41,18.6679,39,18.498,119.889,101.391,0.873,32,21,11,65.625,54.2,50.8,37.4,35.6,14.6,18.3,32.3,67.5,32.5,67.7,72.6,54.1,53.1,36.2,31.7,8.9,11.5,61.3,56.3,53.7,46.3,58.5,41.5,71.016,77.082,80.342,2.497,29.541,73.7,74.8,1.182,1.072,32.472,1.6,40,42,43,40,66,148,124,198,47,87,116,286,286,116,15,86,243,48,56,208,328,23,290,325,42,111,259,21,220,171,28,91,148,308,38,145,56,28,19.3,121.2,101.9,0.88,525,316,209,60.19047619,53.5,50.3,38.1,35.5,14.9,15.6,34.1,69,31,65.9,70.3,54.8,50.3,34.4,33.4,11.1,9.5,52.2,50.3,60,40,61.3,38.7,69.4,78.032,81.381,1.935,54.81,73.9,72.8,1.17,1.085,36.651,1.4
2026,64,Houston,2,,,Idaho,15,64,,,B12,64.8944,332,63.2742,352,118.469,31,124.864,14,96.4922,6,91.4372,5,33.4265,5,32.978,125.376,92.398,0.971,34,28,6,82.35294118,52.1,46.6,26.9,39,13,21,35.9,69.1,30.9,64.1,64.9,51.9,45.5,34.9,32.1,12.5,6.4,52.9,53.5,59.2,40.8,59.1,40.9,63.325,77.851,80.772,1.553,81.968,77.2,69.8,1.184,0.965,36.826,9,7,12,5,5,143,17,353,285,7,14,29,199,199,29,333,178,10,130,71,38,9,170,214,215,152,131,238,352,100,113,286,4,30,51,33,7,25,7,18.4,118.6,100.2,0.874,524,324,200,61.83206107,53,50.2,33.7,31.6,15.9,17.1,32.7,69.9,30.1,67.3,69.4,53,50,35.3,33.6,10.4,9.1,54.4,52.5,61.6,38.4,61.3,38.7,68.9,77.829,81.146,1.808,45.837,72.9,71.9,1.131,1.053,35.673,1.5,BSky,69.2371,130,67.7163,156,110.399,130,108.842,176,106.798,132,107.309,136,1.53307,145,2.639,108.829,106.19,0.57,32,18,14,56.25,51.9,50.3,34.8,39.2,15,15.2,28.9,75.8,24.2,71.1,69.2,52,49.3,34.5,34.8,6.2,9.1,44.5,45.6,53.2,46.8,64.2,35.8,67.424,77.243,80.578,2.008,0.2,72.9,74.5,1.103,1.064,11.302,-8.9,136,166,122,136,154,123,190,290,66,274,237,6,6,237,140,169,78,153,240,338,157,340,27,332,35,299,73,179,194,132,158,365,176,298,130,121,258,9,-2.1,108.4,110.5,0.445,297,133,164,44.78114478,52.4,52.7,35.3,36.3,16.2,15.6,27.9,71.5,28.5,72.1,69,52.6,53.6,34.7,34.2,7.8,8.5,48.6,48.4,60.9,39.1,61.9,38.1,68.6,77.149,80.017,2.017,4.855,74,74.5,1.09,1.11,14.061,-10.8
2026,64,Arizona,1,,,LIU Brooklyn,16,64,,,B12,71.3814,37,69.7911,54,120.103,16,127.676,5,96.1136,5,90.0201,3,37.6556,2,35.534,126.933,91.399,0.978,34,32,2,94.11764706,55.1,45,42.9,27.7,15.1,16.7,38.1,73.1,26.9,61.9,71.4,55.4,43.8,36,31.4,10.8,8.3,55.4,48.9,73.2,26.8,62.8,37.2,70.027,79.009,81.866,1.406,73.506,73.4,71.5,1.203,0.961,38.751,13.7,3,9,3,3,41,3,23,32,72,176,9,36,36,9,38,51,2,62,46,98,90,106,88,4,363,257,109,43,8,26,324,9,158,130,15,5,10,7,18.4,118.6,100.2,0.874,524,324,200,61.83206107,53,50.2,33.7,31.6,15.9,17.1,32.7,69.9,30.1,67.3,69.4,53,50,35.3,33.6,10.4,9.1,54.4,52.5,61.6,38.4,61.3,38.7,68.9,77.829,81.146,1.808,45.837,72.9,71.9,1.131,1.053,35.673,1.5,NEC,68.1388,193,67.7741,154,108.425,174,105.631,239,103.621,70,109.582,186,-3.95107,216,-6.109,103.644,109.753,0.341,34,24,10,70.58823529,53.3,49.8,34.7,34.1,19,18.9,34.3,67.4,32.6,65.7,68.1,52.9,50.8,36.1,31.9,13.9,8.1,49.7,49.2,71,29,66.8,33.2,67.829,77.547,78.697,2.414,0.2,66.8,69,1.083,1.04,9.691,-5.8,233,269,197,235,93,91,196,154,322,55,64,291,291,64,197,137,133,55,64,16,72,248,95,11,355,345,22,154,140,346,42,365,346,21,177,77,306,21,-14.4,99.9,114.3,0.175,301,120,181,39.86710963,49.4,51.9,31.5,34.7,17.7,16.7,28.4,69.9,30.1,71.6,66.3,49.1,51.7,33.2,34.8,8.5,9,51.5,53.9,63.7,36.3,61.7,38.3,67.2,76.827,79.305,2.066,0.433,71.4,72,1.021,1.089,10.004,-15.8
2026,64,Villanova,8,,,Utah St.,9,64,,,BE,66.4864,276,65.1979,296,115.085,61,120.369,41,105.085,95,100.4,35,19.9691,33,19.073,119.612,100.539,0.881,32,24,8,75,53.7,51.3,31.3,28.9,15.1,18.7,32.4,68.3,31.7,67.6,66.5,54.4,51.5,35.3,33.9,6,7.5,56.8,53.7,54.3,45.7,63.1,36.9,64.946,77.57,80.705,1.548,63.75,69.4,71.8,1.148,1.053,30.123,3.9,38,45,38,36,77,180,277,45,72,65,111,242,242,111,278,80,171,103,183,343,33,73,218,316,53,267,102,306,138,125,289,19,292,151,63,98,71,8,14.1,115.5,101.4,0.817,361,207,154,57.34072022,51.7,50.1,34.4,32.6,16,17.2,32,69.1,30.9,68,68.8,52.3,50,33.9,33.5,10.2,9.7,57.6,54.9,61.2,38.8,62.9,37.1,68.6,77.924,80.821,1.881,53.105,72.2,72,1.105,1.056,30.886,-1.5,MWC,68.3248,185,67.6962,158,119.573,19,122.132,28,103.377,68,101.374,45,20.7574,30,20.943,123.029,102.086,0.895,33,27,6,81.81818182,56.6,49.6,38.7,38.9,15.4,20.6,33.1,67.8,32.2,66.9,68.3,59.3,48.7,35.1,33.9,8.8,9.9,59.8,49.6,59.3,40.7,59.1,40.9,67.554,77.68,80.956,2.185,26.458,70.6,73.3,1.191,1.033,23.033,4,29,27,55,29,16,88,89,281,100,16,91,269,269,91,189,11,58,112,183,211,234,37,104,213,154,131,238,173,117,92,99,99,251,242,25,67,87,20,8,112.9,104.9,0.7,383,207,176,54.04699739,52.4,51.8,38.5,37.6,17,17.5,30.3,70.6,29.4,69.7,67.9,52.9,52.7,34.5,33.7,9,9.1,53.3,52.1,60.2,39.8,58.9,41.1,68,77.687,80.887,1.678,25.071,73.3,72.6,1.1,1.077,23.172,-5.6
2026,64,Wisconsin,5,,,High Point,12,64,,,B10,68.9386,152,68.7128,104,118.938,28,125.348,11,108.596,181,101.954,51,23.3936,22,25.535,127.176,101.641,0.929,34,24,10,70.58823529,54.5,51.3,31.9,30.5,12.8,14.4,29.4,71.8,28.2,70.6,68.9,54.8,52.3,36.1,33.3,8.5,12.5,57.3,50.6,47.4,52.6,59.8,40.2,68.694,78.87,82.484,1.871,38.623,78.6,72.9,1.188,1.087,38.176,5.4,20,8,48,21,58,180,260,72,3,325,225,80,80,225,157,64,213,55,142,234,349,65,129,361,6,157,213,106,12,12,203,72,12,218,28,188,16,6,18.9,119.7,100.8,0.878,591,353,238,59.72927242,53.5,50.7,34.4,30.9,15.3,16.2,31.6,70.6,29.4,68.4,66.8,54.7,51.4,34.6,33.2,10,9.1,58.3,55.7,58.2,41.8,58.1,41.9,67.3,78.191,81.466,1.85,49.036,75.3,74.5,1.143,1.071,36.914,1.2,BSth,70.9313,56,69.8932,49,121.19,10,117.048,66,100.316,31,108.644,161,8.40428,92,8.161,115.681,107.52,0.699,31,27,4,87.09677419,54.7,50.1,42.9,36.4,13,21.9,32.1,68.3,31.7,67.9,70.9,57.1,51.6,34.4,31.9,11,10.4,52.7,51.9,57.1,42.9,58.6,41.4,69.889,76.312,79.626,2.541,13.909,74.2,70.5,1.209,1.004,5.665,-1.4,93,73,148,93,51,112,23,225,7,5,122,242,242,122,60,33,177,157,64,91,270,174,172,252,117,116,254,52,323,270,20,157,121,72,11,31,364,10,-7.6,104.6,112.2,0.309,267,121,146,45.31835206,50.9,51.7,38.2,38.7,17.4,17,30.6,69,31,69.4,70.1,51.6,52.3,33.2,33.9,9.7,9.8,47.9,48.7,60.4,39.6,61.4,38.6,69.5,77.063,80.116,2.058,12.513,70.4,70.7,1.07,1.089,10.704,-12
2026,64,Arkansas,4,,,Hawaii,13,64,,,SEC,72.4168,19,70.9979,20,122.567,3,127.658,6,109.1,200,101.605,48,26.0527,15,26.273,127.944,101.671,0.934,34,26,8,76.47058824,56.5,51.4,36.4,31.3,12.3,15.7,32.2,68.8,31.2,67.8,72.4,55.6,53.7,38.9,31.7,12.9,6.7,53,49.8,66.6,33.4,61.8,38.2,70.974,78.516,81.43,1.457,80.525,74.7,72,1.225,1.091,38.371,7.5,15,5,49,19,20,186,145,88,1,245,119,211,211,119,19,47,267,8,56,27,14,166,112,56,311,227,144,23,30,49,309,6,99,162,4,201,13,28,19.3,121.2,101.9,0.88,525,316,209,60.19047619,53.5,50.3,38.1,35.5,14.9,15.6,34.1,69,31,65.9,70.3,54.8,50.3,34.4,33.4,11.1,9.5,52.2,50.3,60,40,61.3,38.7,69.4,78.032,81.381,1.935,54.81,73.9,72.8,1.17,1.085,36.651,1.4,BW,72.2838,22,69.6586,61,108.304,177,107.129,211,96.5759,7,101.163,43,5.96572,108,5.055,106.901,101.846,0.636,30,22,8,73.33333333,52,46.4,42.4,36.1,18.9,16.9,31.4,75,25,68.6,72.3,55,46.6,31.6,30.7,10.1,8.5,49.9,38.3,60.3,39.7,67.6,32.4,69.581,78.622,81.581,2.599,9.248,73.8,69.6,1.081,0.965,10.053,-3.7,116,206,52,116,150,16,30,209,318,166,149,10,10,149,23,62,23,304,30,135,109,243,3,191,177,352,15,66,26,37,12,197,146,40,183,7,298,11,-1.3,106.6,107.9,0.465,340,165,175,48.52941176,50.9,51.3,36.4,36.4,18,17.5,28.7,71.1,28.9,71.3,72.1,51.7,51.7,33.1,33.7,9.3,9.3,52.6,52.8,61,39,60.7,39.3,70.6,77.484,80.225,1.854,13.611,73,72.9,1.053,1.066,13.501,-10.2
2026,64,BYU,6,,,Texas,11,64,,,B12,70.4428,78,69.9244,46,118.624,30,125.46,10,106.691,129,102.214,57,23.2459,23,20.42,124.746,104.326,0.887,34,23,11,67.64705882,54.7,51.2,34.2,28.9,15.3,16.5,34.6,70.7,29.3,65.4,70.4,56.2,50,34.9,35.3,11.9,7.9,45.4,54.3,60.2,39.8,60.8,39.2,69.779,78.108,80.916,1.463,48.949,74.6,71.3,1.187,1.065,38.234,4.5,30,16,88,33,51,176,206,45,90,190,60,129,129,60,80,42,106,130,266,55,60,331,235,195,174,192,177,58,70,98,307,48,100,117,29,124,15,7,18.4,118.6,100.2,0.874,524,324,200,61.83206107,53,50.2,33.7,31.6,15.9,17.1,32.7,69.9,30.1,67.3,69.4,53,50,35.3,33.6,10.4,9.1,54.4,52.5,61.6,38.4,61.3,38.7,68.9,77.829,81.146,1.808,45.837,72.9,71.9,1.131,1.053,35.673,1.5,SEC,68.5655,170,66.8781,206,119.47,22,124.97,13,111.221,250,105.937,112,19.0333,37,17.664,124.057,106.393,0.854,31,17,14,54.83870968,54.2,51.2,46.2,40.7,15.3,13.4,35.7,73.1,26.9,64.3,68.6,55.3,49.8,34.9,36,7.4,10.5,43.1,45.8,63.8,36.2,66.7,33.3,67.099,78.112,81.402,2.238,55.968,75.3,74,1.195,1.11,37.671,-0.21,43,21,126,45,66,176,4,307,90,348,35,36,36,35,170,54,96,130,307,296,276,349,29,124,244,343,23,195,69,52,81,32,73,269,20,245,21,28,19.3,121.2,101.9,0.88,525,316,209,60.19047619,53.5,50.3,38.1,35.5,14.9,15.6,34.1,69,31,65.9,70.3,54.8,50.3,34.4,33.4,11.1,9.5,52.2,50.3,60,40,61.3,38.7,69.4,78.032,81.381,1.935,54.81,73.9,72.8,1.17,1.085,36.651,1.4
2026,64,Gonzaga,3,,,Kennesaw St.,14,64,,,WCC,70.4115,79,68.5871,111,120.524,12,121.99,29,93.5734,1,93.8895,9,28.1006,10,26.263,120.281,94.018,0.944,33,30,3,90.90909091,56.3,46.2,31.1,31,13.7,20.5,34.8,74.1,25.9,65.2,70.4,58.7,46.2,34,30.8,11.4,6,56.7,52.9,69,31,56.3,43.7,68.932,77.91,80.557,2.11,36.781,69.9,71.3,1.205,0.934,24.986,7.4,16,37,9,13,22,13,283,85,18,18,55,19,19,55,80,17,18,176,31,70,3,74,201,27,340,53,317,98,91,134,119,76,274,117,13,1,82,33,6.5,111.3,104.8,0.666,379,203,176,53.56200528,52.1,50.6,32.9,32.8,17.3,17.1,30.8,70,30,69.2,68.2,52.4,50.7,34.4,33.6,9.4,8.7,56.3,55.1,60,40,60.4,39.6,68.2,78.024,81.262,1.817,20.686,74,73.4,1.087,1.064,21.047,-6.7,CUSA,71.8683,27,71.1569,19,110.966,123,110.636,143,108.167,170,110.064,194,0.572421,163,1.299,110.8,109.501,0.534,31,18,13,58.06451613,50.7,48.5,45.1,47.5,16.7,16.1,35.5,68.7,31.3,64.5,71.9,50.8,47,33.7,33.9,14.7,13.1,51.3,49.4,57.1,42.9,61.7,38.3,71.267,78.338,80.486,1.297,13.242,70,74.7,1.111,1.082,11.706,-8,145,133,192,146,207,51,7,358,182,224,39,218,218,39,27,222,29,192,183,13,357,210,103,252,117,221,147,19,42,150,342,161,273,304,120,172,245,13,-1.2,107.9,109.1,0.468,356,174,182,48.87640449,50.8,50.8,37,38.4,16.6,16.6,30.8,69,31,69.2,67.5,50.3,50.3,34.4,34.3,10.3,10.1,52,52.6,59.9,40.1,59.4,40.6,67.8,77.17,80.203,1.956,8.463,71,72.3,1.08,1.086,12.555,-12.1
2026,64,Miami FL,7,,,Missouri,10,64,,,ACC,69.3367,128,67.5506,169,117.957,38,121.357,33,103.133,65,100.677,38,20.6799,31,19.611,121.077,101.466,0.884,33,25,8,75.75757576,55.6,51.7,37.5,29,16.2,18.4,37,73.7,26.3,63,69.3,57.2,50.8,34.7,35.4,10,10.2,53.7,54.3,68.3,31.7,59.1,40.9,67.93,78.417,81.492,1.67,80.783,68.5,69.7,1.182,1.027,29.331,3.8,33,34,45,35,29,200,119,47,153,82,18,23,23,18,129,30,133,144,274,144,258,142,235,35,332,131,238,145,38,45,263,5,313,47,38,58,73,2,15.7,117.1,101.4,0.84,585,354,231,60.51282051,53.2,50.2,34.7,32.6,15.6,16.8,31.8,70.5,29.5,68.2,68.4,53.8,50.5,34.9,33.1,10.8,9.7,53.6,51.9,57.7,42.3,58.3,41.7,68.4,78.069,81.107,1.798,55.261,72,72.1,1.131,1.056,31.421,-0.35,SEC,68.3597,180,66.1629,244,115.474,58,119.491,50,109.757,213,104.099,78,15.3923,52,16.894,119.921,103.027,0.851,32,20,12,62.5,55.3,51.4,42.5,35.1,18,16.6,35.5,68.6,31.4,64.5,68.4,56.9,48.9,35,36.5,10.4,9.8,50.6,51.8,64,36,56.9,43.1,66.38,79.275,82.794,2.282,66.401,68.6,74.7,1.156,1.094,34.025,1.2,45,40,68,46,37,186,28,180,271,182,39,222,222,39,181,35,63,125,331,120,226,230,168,118,252,69,299,235,3,6,66,16,309,304,56,209,40,28,19.3,121.2,101.9,0.88,525,316,209,60.19047619,53.5,50.3,38.1,35.5,14.9,15.6,34.1,69,31,65.9,70.3,54.8,50.3,34.4,33.4,11.1,9.5,52.2,50.3,60,40,61.3,38.7,69.4,78.032,81.381,1.935,54.81,73.9,72.8,1.17,1.085,36.651,1.4
2026,64,Purdue,2,,,Queens,15,64,,,B10,65.2669,325,64.3693,324,124.697,2,131.635,1,107.369,143,100.436,36,31.1992,8,33.037,133.288,100.251,0.964,35,27,8,77.14285714,57.6,52.3,28.6,26,13.5,15.6,36.3,73.6,26.4,63.7,65.3,58.1,53.1,37.9,34.2,8.9,6.6,66.8,57.5,59.1,40.9,55,45,64.436,77.603,82.136,2.015,59.3,74.3,72,1.247,1.071,41.305,9.2,6,1,36,8,11,233,337,13,15,250,23,25,25,23,325,22,243,20,199,208,12,3,306,220,150,33,333,325,131,18,153,27,115,162,2,141,4,6,18.9,119.7,100.8,0.878,591,353,238,59.72927242,53.5,50.7,34.4,30.9,15.3,16.2,31.6,70.6,29.4,68.4,66.8,54.7,51.4,34.6,33.2,10,9.1,58.3,55.7,58.2,41.8,58.1,41.9,67.3,78.191,81.466,1.85,49.036,75.3,74.5,1.143,1.071,36.914,1.2,ASun,70.7192,65,69.5919,65,119.278,24,115.771,77,116.775,343,117.209,322,-1.43724,181,-2.45,114.632,117.082,0.439,33,20,13,60.60606061,56.6,54,36.3,38.7,14.8,15,30.4,67,33,69.6,70.7,59,54.1,35.9,35.8,8,9.1,54.5,48,53.2,46.8,60.5,39.5,69.502,78.203,80.782,1.734,9.008,74.9,73.2,1.19,1.167,14.561,-7,199,85,316,199,16,302,147,276,55,293,186,302,302,186,69,14,282,68,298,263,157,126,69,332,35,183,189,70,57,112,245,199,91,236,27,340,167,5,-8.7,106.6,115.3,0.289,365,156,209,42.73972603,52.9,54.8,32.1,34.4,16.4,15.7,29.1,68.9,31.1,70.9,68.8,53.5,56,34.8,35.5,7.8,8.9,52.6,53.5,57.1,42.9,57.7,42.3,68.5,77.215,80.117,1.743,7.524,72.9,72.7,1.101,1.151,12.449,-12.5
2026,64,Georgia,8,,,Saint Louis,9,64,,,SEC,73.479,9,71.378,16,120.483,13,124.681,16,106.89,135,104.202,80,20.4792,32,19.557,124.317,104.76,0.877,32,22,10,68.75,54.6,50.1,37,30.8,14.3,18.4,35.2,65.1,34.9,64.8,73.5,57.3,49.9,34.1,33.7,15.1,9.6,48.4,47.3,56.1,43.9,62.4,37.6,72.026,77.415,81.51,1.553,61.02,75.4,71.7,1.205,1.062,32.391,2.6,35,18,92,38,56,112,134,79,35,82,48,338,338,48,9,28,100,170,170,10,204,279,57,277,91,246,120,11,164,43,286,24,67,141,13,113,58,28,19.3,121.2,101.9,0.88,525,316,209,60.19047619,53.5,50.3,38.1,35.5,14.9,15.6,34.1,69,31,65.9,70.3,54.8,50.3,34.4,33.4,11.1,9.5,52.2,50.3,60,40,61.3,38.7,69.4,78.032,81.381,1.935,54.81,73.9,72.8,1.17,1.085,36.651,1.4,A10,71.9297,26,70.9898,21,120.307,15,119.475,51,98.7372,20,101.154,42,18.321,41,17.342,119.569,102.227,0.858,32,27,5,84.375,59.7,44.8,34.7,37.2,17.4,16.1,31.1,73,27,68.9,71.9,58.9,44.6,40.5,30,9.5,10.7,60.2,51.6,54.9,45.1,58.4,41.6,71.014,77.534,80.111,1.939,21.913,74.4,73.2,1.202,0.983,15.895,1.9,44,46,61,43,3,2,196,245,233,224,165,41,41,165,27,15,5,2,8,169,288,30,163,302,65,106,263,22,141,212,183,118,108,236,16,18,139,1,4.5,110.3,105.8,0.618,445,247,198,55.50561798,52,50.6,36.2,34.2,17.1,17.3,31.2,70.4,29.6,68.8,67.5,52.6,50.4,34.1,34,10.4,10.3,55.4,54.5,58.5,41.5,58.8,41.2,67.9,77.32,80.48,2.05,17.554,72.3,71.6,1.095,1.058,17.173,-6.4
2026,64,Texas Tech,5,,,Akron,12,64,,,B12,67.9599,203,66.185,243,117.793,39,125.05,12,106.797,131,99.8259,33,25.2243,20,27.504,126.292,98.788,0.944,32,22,10,68.75,56.2,49.4,27.1,31.6,15.9,14.7,33.3,69.9,30.1,66.7,68,53.6,50.6,39.3,31.5,9.5,7.3,55.5,41.5,52,48,65,35,66.408,77.015,79.481,1.601,41.675,71.5,69.4,1.179,1.065,40.139,5,11,10,27,13,23,82,351,96,133,313,85,168,168,85,203,104,126,5,49,169,24,102,6,341,25,319,50,232,238,289,276,66,226,34,39,124,7,7,18.4,118.6,100.2,0.874,524,324,200,61.83206107,53,50.2,33.7,31.6,15.9,17.1,32.7,69.9,30.1,67.3,69.4,53,50,35.3,33.6,10.4,9.1,54.4,52.5,61.6,38.4,61.3,38.7,68.9,77.829,81.146,1.808,45.837,72.9,71.9,1.131,1.053,35.673,1.5,MAC,71.223,44,70.2733,32,121.92,6,118.82,54,104.561,84,106.022,113,12.7986,64,11.828,117.165,105.337,0.773,32,27,5,84.375,58.5,50.6,29.1,30.3,15.5,18.4,33.5,70.1,29.9,66.5,71.2,59.1,49,38.5,35.1,8.4,8.3,57.4,50.8,54.9,45.1,56.8,43.2,70.321,75.205,77.931,2.447,12.8,75.3,72.2,1.219,1.046,11.162,-0.2,68,64,102,71,8,138,331,66,107,82,81,155,155,81,47,12,66,14,256,241,90,64,140,302,65,66,305,34,362,363,38,164,73,174,6,86,263,17,-2.3,108.1,110.4,0.44,390,196,194,50.25641026,52.5,52.8,35.2,35.4,16.8,16.9,29.9,69.9,30.1,70.1,69.5,52.7,53.3,34.8,34.7,8.6,9.4,52.6,53.1,61.1,38.9,60.1,39.9,69.1,76.802,79.942,1.914,13.628,72.2,72.4,1.096,1.098,12.516,-10.7
2026,64,Alabama,4,,,Hofstra,13,64,,,SEC,74.6151,5,73.087,4,121.979,5,129.004,3,111.035,245,103.284,67,25.7196,18,26.711,129.499,102.788,0.934,32,23,9,71.875,55.4,49.2,37.2,32.7,13,12.6,31.8,67.2,32.8,68.2,74.6,57.3,48.6,35.8,33.5,11.3,12.1,53.5,46.7,46.3,53.7,64.9,35.1,73.059,77.921,81.103,1.526,73.555,76.5,69.7,1.22,1.111,40.729,6.5,13,3,67,19,32,77,129,122,7,362,134,298,298,134,5,28,56,72,160,78,343,148,46,365,1,315,52,4,89,76,294,8,42,47,5,249,6,28,19.3,121.2,101.9,0.88,525,316,209,60.19047619,53.5,50.3,38.1,35.5,14.9,15.6,34.1,69,31,65.9,70.3,54.8,50.3,34.4,33.4,11.1,9.5,52.2,50.3,60,40,61.3,38.7,69.4,78.032,81.381,1.935,54.81,73.9,72.8,1.17,1.085,36.651,1.4,CAA,65.3266,323,64.6955,317,113.585,81,114.57,89,102.767,59,105.077,95,9.49239,87,8.235,113.19,104.955,0.704,32,22,10,68.75,51.5,45.9,32.5,35.4,16.1,15,34.9,69.5,30.5,65.1,65.3,48.6,44.2,36.8,32.3,10.4,10.6,48.5,55.2,56.9,43.1,59.4,40.6,64.714,77.424,81.178,1.895,0.2,75.9,71.7,1.133,1.027,11.966,-4.7,92,98,95,91,177,10,250,192,149,293,52,184,184,52,325,297,3,34,82,120,280,278,260,260,112,142,227,315,162,68,193,365,55,141,83,58,239,12,-3.3,106.6,109.9,0.413,401,203,198,50.6234414,50.4,50.7,36,35.1,16.7,16.5,31.6,69.2,30.8,68.4,67.6,50.7,51.1,33.3,33.4,9.4,9.6,51.3,51.7,61.1,38.9,60.9,39.1,67.9,77.625,80.424,1.969,5.325,72.1,71.8,1.079,1.08,11.382,-9.7
2026,64,Tennessee,6,,,SMU,11,64,,,SEC,67.3064,230,64.973,307,116.972,46,121.055,37,102.327,50,95.0297,15,26.0249,16,25.971,121.507,95.536,0.941,33,22,11,66.66666667,51.6,47.7,38.7,36.2,17.1,16.3,45.1,72.1,27.9,54.9,67.3,52.2,49.2,33.4,30.6,11.3,9.4,59.8,45.4,68.3,31.7,55.6,44.4,65.225,78.434,82.266,1.473,59.748,69.4,70.3,1.168,1.019,38.555,4.1,17,32,13,16,173,36,89,216,215,210,1,65,65,1,234,164,73,207,25,78,181,37,25,35,332,40,328,297,36,15,302,26,292,66,48,46,11,28,19.3,121.2,101.9,0.88,525,316,209,60.19047619,53.5,50.3,38.1,35.5,14.9,15.6,34.1,69,31,65.9,70.3,54.8,50.3,34.4,33.4,11.1,9.5,52.2,50.3,60,40,61.3,38.7,69.4,78.032,81.381,1.935,54.81,73.9,72.8,1.17,1.085,36.651,1.4,ACC,70.6859,67,68.5372,115,118.065,37,122.893,26,109.575,210,104.808,91,18.0856,42,18.073,123.046,104.973,0.861,33,20,13,60.60606061,55.7,51.4,30.6,32,15.9,17.1,35.4,68.4,31.6,64.6,70.7,55.5,52,37.4,33.9,11.2,7.6,55.1,60.6,64,36,52.8,47.2,68.622,78.116,82.065,2.034,44.289,74.1,71.8,1.182,1.089,32,-0.02,42,26,96,42,28,186,296,103,133,154,43,235,235,43,69,50,198,25,183,83,37,114,342,118,252,12,354,111,67,22,146,57,129,151,38,195,60,2,15.7,117.1,101.4,0.84,585,354,231,60.51282051,53.2,50.2,34.7,32.6,15.6,16.8,31.8,70.5,29.5,68.2,68.4,53.8,50.5,34.9,33.1,10.8,9.7,53.6,51.9,57.7,42.3,58.3,41.7,68.4,78.069,81.107,1.798,55.261,72,72.1,1.131,1.056,31.421,-0.35
2026,64,Virginia,3,,,Wright St.,14,64,,,ACC,66.5116,272,65.7342,271,119.345,23,122.516,27,100.948,36,95.8064,16,26.7098,13,26.419,122.248,95.829,0.943,34,29,5,85.29411765,54.6,45.3,33,33,16,15.6,37.9,70.8,29.2,62.1,66.5,55.2,44.7,35.9,30.9,17.5,9.6,59.1,50.3,53.5,46.5,62.5,37.5,65.578,78.069,82.109,1.724,53.814,72.6,75.8,1.191,1.01,30.582,7.8,14,29,14,14,56,5,238,130,143,250,10,125,125,10,278,56,7,68,37,2,204,43,124,329,40,252,119,278,72,19,251,38,185,342,25,37,70,2,15.7,117.1,101.4,0.84,585,354,231,60.51282051,53.2,50.2,34.7,32.6,15.6,16.8,31.8,70.5,29.5,68.2,68.4,53.8,50.5,34.9,33.1,10.8,9.7,53.6,51.9,57.7,42.3,58.3,41.7,68.4,78.069,81.107,1.798,55.261,72,72.1,1.131,1.056,31.421,-0.35,Horz,69.0191,148,67.1597,192,115.481,57,112.057,117,108.877,190,110.013,193,2.04414,140,3.382,112.409,109.027,0.587,32,21,11,65.625,54.4,52.1,38,33.5,16.3,16.5,33.2,70.8,29.2,66.8,69,54.5,52.9,36.1,33.6,11.4,9,47,44.6,66.3,33.7,65.8,34.2,66.977,76.946,79.547,1.245,0.2,74.5,74,1.154,1.089,9.832,-6.6,129,110,180,130,59,220,105,141,156,190,88,125,125,88,151,78,237,55,165,70,151,304,19,65,306,331,35,207,247,285,348,365,103,269,58,195,304,14,-4,108.9,112.9,0.398,335,154,181,45.97014925,52.9,54.2,33.3,35.6,16.4,16.4,30.6,68.1,31.9,69.4,69.5,53.3,54.7,34.9,35.6,8.9,9.5,54.2,54.9,59.5,40.5,60.5,39.5,69,76.682,79.479,1.953,3.003,73.7,74.2,1.111,1.141,12.966,-11.2
2026,64,Kentucky,7,,,Santa Clara,10,64,,,SEC,69.7956,100,68.34,124,115.821,53,120.516,39,105.843,107,99.0324,27,21.4832,28,19.925,119.911,99.986,0.89,34,21,13,61.76470588,53.1,48.8,37.5,37,15,15.8,33.8,69.9,30.1,66.2,69.8,54.4,49.6,34.1,31.6,12.3,8.7,57,55.2,60.8,39.2,60.5,39.5,68.319,78.765,81.87,1.581,85.092,72.8,73,1.157,1.058,40.797,3.3,31,41,31,31,106,61,119,236,66,237,75,168,168,75,101,80,89,170,52,46,129,72,260,181,188,183,189,127,16,25,281,2,177,225,55,109,5,28,19.3,121.2,101.9,0.88,525,316,209,60.19047619,53.5,50.3,38.1,35.5,14.9,15.6,34.1,69,31,65.9,70.3,54.8,50.3,34.4,33.4,11.1,9.5,52.2,50.3,60,40,61.3,38.7,69.4,78.032,81.381,1.935,54.81,73.9,72.8,1.17,1.085,36.651,1.4,WCC,69.572,115,69.1516,82,118.969,27,123.644,23,105.062,94,104.246,82,19.3981,35,21.284,124.996,103.712,0.895,33,25,8,75.75757576,54.6,51.8,25.8,38.3,15.6,20.1,36.7,67.7,32.3,63.3,69.6,56.5,53.2,34.9,33,10.6,8.4,55,60.5,55,45,61.8,38.2,69.257,78.351,81.822,1.435,20.016,74,73.6,1.191,1.05,24.151,2.1,28,15,78,29,56,205,359,269,114,23,19,274,274,19,115,41,246,130,125,112,98,116,341,300,69,227,144,81,41,29,317,128,138,255,25,92,85,33,6.5,111.3,104.8,0.666,379,203,176,53.56200528,52.1,50.6,32.9,32.8,17.3,17.1,30.8,70,30,69.2,68.2,52.4,50.7,34.4,33.6,9.4,8.7,56.3,55.1,60,40,60.4,39.6,68.2,78.024,81.262,1.817,20.686,74,73.4,1.087,1.064,21.047,-6.7
2026,64,Iowa St.,2,,,Tennessee St.,15,64,,,B12,68.1783,191,66.5484,225,119.56,20,123.826,21,95.9883,4,91.4031,4,32.423,6,31.138,123.777,92.639,0.966,34,27,7,79.41176471,56.5,49.5,34,27.9,15.1,22.4,35.3,71.9,28.1,64.7,68.2,55.5,50.5,38.7,32.1,8.6,9.6,58.4,54.5,61.2,38.8,57.2,42.8,66.962,78.06,81.398,1.944,50.469,67.2,71.5,1.2,0.956,35.368,7.4,8,23,6,7,20,84,214,33,72,4,47,73,73,47,191,50,119,12,71,226,204,53,243,172,196,76,292,208,74,53,180,43,342,130,18,3,30,7,18.4,118.6,100.2,0.874,524,324,200,61.83206107,53,50.2,33.7,31.6,15.9,17.1,32.7,69.9,30.1,67.3,69.4,53,50,35.3,33.6,10.4,9.1,54.4,52.5,61.6,38.4,61.3,38.7,68.9,77.829,81.146,1.808,45.837,72.9,71.9,1.131,1.053,35.673,1.5,OVC,70.5659,74,70.1975,36,110.224,133,109.085,173,103.968,76,110.911,212,-1.82605,187,-4.127,107.809,111.936,0.394,29,20,9,68.96551724,50.1,51.2,33.5,41.6,16.5,20,34.9,70.1,29.9,65.1,70.6,49.9,51.8,33.7,33.5,10.1,7.5,45.4,49.7,69.3,30.7,64,36,70.137,77.064,79.55,2.506,3.291,76.3,72.4,1.102,1.043,8.742,-5.7,218,187,239,218,232,176,227,318,170,26,52,155,155,52,74,261,187,192,160,135,33,331,107,22,347,288,80,38,223,284,25,247,48,186,133,78,327,22,-12.8,99.7,112.5,0.2,322,141,181,43.78881988,48,49.9,35.3,36.6,18.2,17.6,31.9,67.2,32.8,68.1,68.2,48.2,50,31.8,33.2,9.6,9.8,47.5,50,65.4,34.6,63.7,36.3,68.1,77.063,79.728,2.111,4.955,70.3,71.5,1.019,1.064,8.837,-13
